participant,week,platform,hrs_spent,op,percep,rec,use
1,1,twitter,0,4,1,3,1
1,2,twitter,0,4,1,3,1
1,3,twitter,0,4,1,3,1
1,1,youtube,5,4,7,6,5
1,2,youtube,5,4,7,6,5
1,3,youtube,10,4,7,6,5
1,1,pinterest,0,3,1,2,1
1,2,pinterest,0,3,1,2,1
1,3,pinterest,0,3,1,2,1
1,1,facebook,1,3,1,3,2
1,2,facebook,0,3,1,3,2
1,3,facebook,0,3,1,3,2
1,1,instagram,8,4,7,6,6
1,2,instagram,10,4,7,6,6
1,3,instagram,6,4,7,6,6
1,1,snapchat,8,4,7,6,6
1,2,snapchat,6,4,7,6,6
1,3,snapchat,8,4,7,6,6
2,1,pinterest,0,3,1,3,1
2,2,pinterest,0,3,1,3,1
2,3,pinterest,0,3,1,3,1
2,1,youtube,5,5,5,7,6
2,2,youtube,0,5,5,7,6
2,3,youtube,4,5,5,7,6
2,1,snapchat,1,4,4,7,6
2,2,snapchat,17,4,4,7,6
2,3,snapchat,10,4,4,7,6
2,1,facebook,5,4,2,4,5
2,2,facebook,0,4,2,4,5
2,3,facebook,1,4,2,4,5
2,1,instagram,10,5,5,7,6
2,2,instagram,17,5,5,7,6
2,3,instagram,24,5,5,7,6
2,1,twitter,1,5,6,7,6
2,2,twitter,1,5,6,7,6
2,3,twitter,1,5,6,7,6
3,1,snapchat,10,2,5,5,6
3,2,snapchat,3,2,5,5,6
3,3,snapchat,5,2,5,5,6
3,1,youtube,20,2,7,7,6
3,2,youtube,10,2,7,7,6
3,3,youtube,10,2,7,7,6
3,1,instagram,3,3,4,4,4
3,2,instagram,2,3,4,4,4
3,3,instagram,1,3,4,4,4
3,1,pinterest,0,3,1,1,1
3,2,pinterest,0,3,1,1,1
3,3,pinterest,0,3,1,1,1
3,1,facebook,0,1,1,1,1
3,2,facebook,0,1,1,1,1
3,3,facebook,0,1,1,1,1
3,1,twitter,2,4,4,6,3
3,2,twitter,1,4,4,6,3
3,3,twitter,0,4,4,6,3
4,1,instagram,15,4,7,7,6
4,2,instagram,21,4,7,7,6
4,3,instagram,23,4,7,7,6
4,1,twitter,0,4,3,7,4
4,2,twitter,2,4,3,7,4
4,3,twitter,2,4,3,7,4
4,1,facebook,1,3,3,5,3
4,2,facebook,1,3,3,5,3
4,3,facebook,5,3,3,5,3
4,1,pinterest,0,3,1,3,2
4,2,pinterest,0,3,1,3,2
4,3,pinterest,16,3,1,3,2
4,1,youtube,11,3,7,5,6
4,2,youtube,14,3,7,5,6
4,3,youtube,20,3,7,5,6
4,1,snapchat,10,4,5,7,6
4,2,snapchat,20,4,5,7,6
4,3,snapchat,20,4,5,7,6
5,1,twitter,13,5,5,7,4
5,2,twitter,5,5,5,7,4
5,3,twitter,3,5,5,7,4
5,1,pinterest,0,3,1,4,1
5,2,pinterest,0,3,1,4,1
5,3,pinterest,0,3,1,4,1
5,1,youtube,8,5,6,7,4
5,2,youtube,11,5,6,7,4
5,3,youtube,6,5,6,7,4
5,1,instagram,3,4,3,5,4
5,2,instagram,2,4,3,5,4
5,3,instagram,1,4,3,5,4
5,1,facebook,0,3,1,4,1
5,2,facebook,0,3,1,4,1
5,3,facebook,0,3,1,4,1
5,1,snapchat,19,5,5,7,5
5,2,snapchat,3,5,5,7,5
5,3,snapchat,3,5,5,7,5
6,1,facebook,0,4,3,1,2
6,2,facebook,0,4,3,1,2
6,3,facebook,0,4,3,1,2
6,1,pinterest,0,4,2,2,1
6,2,pinterest,0,4,2,2,1
6,3,pinterest,0,4,2,2,1
6,1,twitter,0,2,1,1,1
6,2,twitter,0,2,1,1,1
6,3,twitter,0,2,1,1,1
6,1,youtube,5,5,5,7,4
6,2,youtube,5,5,5,7,4
6,3,youtube,3,5,5,7,4
6,1,snapchat,0,2,1,1,1
6,2,snapchat,0,2,1,1,1
6,3,snapchat,0,2,1,1,1
6,1,instagram,8,4,3,5,5
6,2,instagram,4.5,4,3,5,5
6,3,instagram,3,4,3,5,5
7,1,snapchat,0,3,1,3,1
7,2,snapchat,0,3,1,3,1
7,3,snapchat,0,3,1,3,1
7,1,pinterest,1,3,2,7,3
7,2,pinterest,1,3,2,7,3
7,3,pinterest,1,3,2,7,3
7,1,twitter,1,3,2,5,4
7,2,twitter,1,3,2,5,4
7,3,twitter,1,3,2,5,4
7,1,facebook,1,3,2,5,3
7,2,facebook,1,3,2,5,3
7,3,facebook,1,3,2,5,3
7,1,instagram,2,3,2,5,4
7,2,instagram,1,3,2,5,4
7,3,instagram,1,3,2,5,4
7,1,youtube,1,3,2,5,3
7,2,youtube,2,3,2,5,3
7,3,youtube,1,3,2,5,3
8,1,snapchat,10,5,6,6,4
8,2,snapchat,30,5,6,6,4
8,3,snapchat,35,5,6,6,4
8,1,pinterest,0,3,1,1,1
8,2,pinterest,0,3,1,1,1
8,3,pinterest,0,3,1,1,1
8,1,twitter,0,3,1,4,1
8,2,twitter,0,3,1,4,1
8,3,twitter,0,3,1,4,1
8,1,facebook,0,2,1,1,1
8,2,facebook,0,2,1,1,1
8,3,facebook,0,2,1,1,1
8,1,instagram,20,5,7,7,6
8,2,instagram,40,5,7,7,6
8,3,instagram,40,5,7,7,6
8,1,youtube,5,4,6,6,3
8,2,youtube,5,4,6,6,3
8,3,youtube,2,4,6,6,3
9,2,youtube,10,4,5,6,6
9,2,twitter,1,4,4,6,6
9,2,snapchat,1,3,5,6,6
9,2,instagram,3,5,5,6,6
9,2,pinterest,1,5,7,7,6
9,2,facebook,2,4,4,6,5
10,1,instagram,15,5,4,6,4
10,2,instagram,15,5,4,6,4
10,3,instagram,12,5,4,6,4
10,1,snapchat,20,5,7,6,6
10,2,snapchat,20,5,7,6,6
10,3,snapchat,10,5,7,6,6
10,1,youtube,15,5,7,6,6
10,2,youtube,10,5,7,6,6
10,3,youtube,8,5,7,6,6
10,1,facebook,0,1,1,2,1
10,2,facebook,0,1,1,2,1
10,3,facebook,0,1,1,2,1
10,1,pinterest,1,5,3,6,3
10,2,pinterest,4,5,3,6,3
10,3,pinterest,6,5,3,6,3
10,1,twitter,0,3,1,3,1
10,2,twitter,0,3,1,3,1
10,3,twitter,0,3,1,3,1
11,1,instagram,0,4,1,2,1
11,2,instagram,0,4,1,2,1
11,3,instagram,0,4,1,2,1
11,1,pinterest,0,3,1,2,1
11,2,pinterest,0,3,1,2,1
11,3,pinterest,0,3,1,2,1
11,1,snapchat,0,3,1,1,1
11,2,snapchat,0,3,1,1,1
11,3,snapchat,0,3,1,1,1
11,1,twitter,0,4,1,2,1
11,2,twitter,0,4,1,2,1
11,3,twitter,1,4,1,2,1
11,1,youtube,0,5,7,7,4
11,2,youtube,1,5,7,7,4
11,3,youtube,1,5,7,7,4
11,1,facebook,1,4,4,5,4
11,2,facebook,1,4,4,5,4
11,3,facebook,2,4,4,5,4
12,2,snapchat,8,5,7,7,6
12,2,pinterest,0,3,1,1,1
12,2,youtube,20,5,7,7,6
12,2,instagram,8,5,7,7,6
12,2,twitter,0,3,1,1,1
12,2,facebook,0,1,1,1,1
13,1,twitter,0,2,7,2,1
13,2,twitter,0,2,7,2,1
13,1,instagram,2,5,3,7,6
13,2,instagram,2,5,3,7,6
13,1,facebook,0,3,7,4,1
13,2,facebook,0,3,7,4,1
13,1,snapchat,1,3,3,4,6
13,2,snapchat,2,3,3,4,6
13,1,youtube,3,4,1,7,6
13,2,youtube,5,4,1,7,6
13,1,pinterest,0,4,6,5,1
13,2,pinterest,0,4,6,5,1
14,1,twitter,0,3,1,4,1
14,2,twitter,0,3,1,4,1
14,3,twitter,0,3,1,4,1
14,1,instagram,3,4,4,7,6
14,2,instagram,3,4,4,7,6
14,3,instagram,2,4,4,7,6
14,1,facebook,0,1,1,1,1
14,2,facebook,0,1,1,1,1
14,3,facebook,0,1,1,1,1
14,1,pinterest,0,5,2,4,2
14,2,pinterest,0,5,2,4,2
14,3,pinterest,0,5,2,4,2
14,1,youtube,0,3,2,4,2
14,2,youtube,0,3,2,4,2
14,3,youtube,0,3,2,4,2
14,1,snapchat,5,5,4,7,6
14,2,snapchat,5,5,4,7,6
14,3,snapchat,1,5,4,7,6
15,1,pinterest,1,5,3,5,3
15,2,pinterest,1,5,3,5,3
15,3,pinterest,0,5,3,5,3
15,1,instagram,3,4,5,5,4
15,2,instagram,3,4,5,5,4
15,3,instagram,3,4,5,5,4
15,1,snapchat,3,5,7,7,6
15,2,snapchat,3,5,7,7,6
15,3,snapchat,3,5,7,7,6
15,1,youtube,3,5,7,7,5
15,2,youtube,3,5,7,7,5
15,3,youtube,3,5,7,7,5
15,1,facebook,3,5,7,7,6
15,2,facebook,3,5,7,7,6
15,3,facebook,3,5,7,7,6
15,1,twitter,0,3,1,4,1
15,2,twitter,1,3,1,4,1
15,3,twitter,1,3,1,4,1
16,2,twitter,2,5,6,7,5
16,3,twitter,2.5,5,6,7,5
16,2,instagram,1,2,7,6,6
16,3,instagram,3,2,7,6,6
16,2,youtube,2,4,4,5,3
16,3,youtube,1.5,4,4,5,3
16,2,snapchat,3,4,5,5,4
16,3,snapchat,3,4,5,5,4
16,2,facebook,0,3,2,4,2
16,3,facebook,1.5,3,2,4,2
16,2,pinterest,1,4,5,6,3
16,3,pinterest,0,4,5,6,3
17,1,twitter,1,4,3,6,4
17,2,twitter,1,4,3,6,4
17,3,twitter,1,4,3,6,4
17,1,pinterest,0,4,2,5,2
17,2,pinterest,0,4,2,5,2
17,3,pinterest,0,4,2,5,2
17,1,instagram,8,2,5,5,6
17,2,instagram,2,2,5,5,6
17,3,instagram,1,2,5,5,6
17,1,facebook,0,4,2,5,3
17,2,facebook,0,4,2,5,3
17,3,facebook,0,4,2,5,3
17,1,youtube,5,5,6,7,6
17,2,youtube,1,5,6,7,6
17,3,youtube,0,5,6,7,6
17,1,snapchat,2,2,5,5,6
17,2,snapchat,0,2,5,5,6
17,3,snapchat,0,2,5,5,6
18,1,twitter,1,4,4,6,3
18,2,twitter,1,4,4,6,3
18,3,twitter,1,4,4,6,3
18,1,instagram,1,5,5,7,3
18,2,instagram,1,5,5,7,3
18,3,instagram,1,5,5,7,3
18,1,pinterest,0,3,1,4,1
18,2,pinterest,0,3,1,4,1
18,3,pinterest,0,3,1,4,1
18,1,youtube,8,5,6,7,4
18,2,youtube,10,5,6,7,4
18,3,youtube,11,5,6,7,4
18,1,facebook,1,5,4,6,3
18,2,facebook,1,5,4,6,3
18,3,facebook,1,5,4,6,3
18,1,snapchat,0,3,1,4,1
18,2,snapchat,0,3,1,4,1
18,3,snapchat,0,3,1,4,1
19,2,instagram,47,4,6,7,6
19,3,instagram,32,4,6,7,6
19,2,twitter,0,3,1,1,1
19,3,twitter,0,3,1,1,1
19,2,youtube,1,3,1,1,1
19,3,youtube,0,3,1,1,1
19,2,facebook,0,3,1,1,1
19,3,facebook,0,3,1,1,1
19,2,pinterest,2,4,2,7,2
19,3,pinterest,0,4,2,7,2
19,2,snapchat,26,6,7,7,6
19,3,snapchat,26,6,7,7,6
20,1,snapchat,2,3,5,6,5
20,2,snapchat,3,3,5,6,5
20,3,snapchat,3,3,5,6,5
20,1,instagram,1,3,2,4,4
20,2,instagram,1,3,2,4,4
20,3,instagram,1,3,2,4,4
20,1,pinterest,0,3,1,1,1
20,2,pinterest,0,3,1,1,1
20,3,pinterest,0,3,1,1,1
20,1,youtube,0,3,3,4,4
20,2,youtube,2,3,3,4,4
20,3,youtube,0,3,3,4,4
20,1,facebook,0,3,1,1,1
20,2,facebook,0,3,1,1,1
20,3,facebook,0,3,1,1,1
20,1,twitter,0,3,1,1,1
20,2,twitter,0,3,1,1,1
20,3,twitter,0,3,1,1,1
21,1,pinterest,0,5,4,5,2
21,2,pinterest,0,5,4,5,2
21,3,pinterest,0,5,4,5,2
21,1,instagram,3,4,5,5,6
21,2,instagram,19,4,5,5,6
21,3,instagram,14,4,5,5,6
21,1,snapchat,1,4,5,5,6
21,2,snapchat,5,4,5,5,6
21,3,snapchat,4,4,5,5,6
21,1,youtube,2,5,6,6,6
21,2,youtube,4,5,6,6,6
21,3,youtube,2,5,6,6,6
21,1,twitter,0,5,7,6,6
21,2,twitter,4,5,7,6,6
21,3,twitter,7,5,7,6,6
21,1,facebook,0,3,3,4,4
21,2,facebook,2,3,3,4,4
21,3,facebook,4,3,3,4,4
22,2,instagram,3,4,3,5,3
22,3,instagram,6,4,3,5,3
22,2,twitter,0,2,1,3,1
22,3,twitter,0,2,1,3,1
22,2,pinterest,0,1,1,2,1
22,3,pinterest,0,1,1,2,1
22,2,snapchat,1,5,6,5,5
22,3,snapchat,2,5,6,5,5
22,2,facebook,0,2,2,3,2
22,3,facebook,0,2,2,3,2
22,2,youtube,15,5,7,7,6
22,3,youtube,8,5,7,7,6
23,1,twitter,2,5,5,6,6
23,2,twitter,2,5,5,6,6
23,3,twitter,2,5,5,6,6
23,1,snapchat,0,2,2,4,4
23,2,snapchat,1,2,2,4,4
23,3,snapchat,0,2,2,4,4
23,1,instagram,1,4,5,6,6
23,2,instagram,2,4,5,6,6
23,3,instagram,2,4,5,6,6
23,1,facebook,0,2,2,4,2
23,2,facebook,0,2,2,4,2
23,3,facebook,0,2,2,4,2
23,1,youtube,3,4,4,7,5
23,2,youtube,5,4,4,7,5
23,3,youtube,6,4,4,7,5
23,1,pinterest,1,5,7,6,6
23,2,pinterest,2,5,7,6,6
23,3,pinterest,1,5,7,6,6
24,1,facebook,0,3,1,1,1
24,2,facebook,0,3,1,1,1
24,3,facebook,0,3,1,1,1
24,1,twitter,0,3,1,1,1
24,2,twitter,0,3,1,1,1
24,3,twitter,0,3,1,1,1
24,1,snapchat,0,3,1,1,1
24,2,snapchat,0,3,1,1,1
24,3,snapchat,0,3,1,1,1
24,1,pinterest,0,3,1,1,1
24,2,pinterest,0,3,1,1,1
24,3,pinterest,0,3,1,1,1
24,1,youtube,15,4,6,6,4
24,2,youtube,30,4,6,6,4
24,3,youtube,30,4,6,6,4
24,1,instagram,0,3,1,1,1
24,2,instagram,0,3,1,1,1
24,3,instagram,0,3,1,1,1
25,1,snapchat,10,3,3,7,5
25,2,snapchat,20,3,3,7,5
25,3,snapchat,5,3,3,7,5
25,1,facebook,20,3,4,7,6
25,2,facebook,20,3,4,7,6
25,3,facebook,5,3,4,7,6
25,1,pinterest,0,4,2,6,1
25,2,pinterest,0,4,2,6,1
25,3,pinterest,0,4,2,6,1
25,1,instagram,20,3,4,7,6
25,2,instagram,20,3,4,7,6
25,3,instagram,5,3,4,7,6
25,1,twitter,0,3,1,1,1
25,2,twitter,0,3,1,1,1
25,3,twitter,0,3,1,1,1
25,1,youtube,5,4,3,7,2
25,2,youtube,20,4,3,7,2
25,3,youtube,5,4,3,7,2
26,1,snapchat,0,4,1,4,2
26,2,snapchat,0,4,1,4,2
26,3,snapchat,0,4,1,4,2
26,1,facebook,0,3,1,4,2
26,2,facebook,0,3,1,4,2
26,3,facebook,0,3,1,4,2
26,1,twitter,0,4,1,4,1
26,2,twitter,0,4,1,4,1
26,3,twitter,1,4,1,4,1
26,1,youtube,1,4,3,6,4
26,2,youtube,2,4,3,6,4
26,3,youtube,8,4,3,6,4
26,1,instagram,5,4,5,7,6
26,2,instagram,5,4,5,7,6
26,3,instagram,1,4,5,7,6
26,1,pinterest,0,3,1,4,1
26,2,pinterest,0,3,1,4,1
26,3,pinterest,0,3,1,4,1
27,1,snapchat,0,2,1,1,1
27,2,snapchat,0,2,1,1,1
27,3,snapchat,0,2,1,1,1
27,1,twitter,0,2,1,5,1
27,2,twitter,0,2,1,5,1
27,3,twitter,0,2,1,5,1
27,1,instagram,0,2,1,1,1
27,2,instagram,0,2,1,1,1
27,3,instagram,0,2,1,1,1
27,1,pinterest,0,3,1,1,1
27,2,pinterest,0,3,1,1,1
27,3,pinterest,0,3,1,1,1
27,1,facebook,0,3,2,4,1
27,2,facebook,0,3,2,4,1
27,3,facebook,0,3,2,4,1
27,1,youtube,34,5,7,7,6
27,2,youtube,112,5,7,7,6
27,3,youtube,91,5,7,7,6
28,1,youtube,6,4,5,7,4
28,2,youtube,0,4,5,7,4
28,3,youtube,4,4,5,7,4
28,1,pinterest,0,3,1,1,1
28,2,pinterest,0,3,1,1,1
28,3,pinterest,0,3,1,1,1
28,1,snapchat,12,5,6,7,4
28,2,snapchat,5,5,6,7,4
28,3,snapchat,9,5,6,7,4
28,1,twitter,9,5,4,7,4
28,2,twitter,2,5,4,7,4
28,3,twitter,5,5,4,7,4
28,1,instagram,10,5,4,7,4
28,2,instagram,7,5,4,7,4
28,3,instagram,10,5,4,7,4
28,1,facebook,0,3,1,4,1
28,2,facebook,0,3,1,4,1
28,3,facebook,0,3,1,4,1
29,1,facebook,0,3,1,4,1
29,2,facebook,0,3,1,4,1
29,3,facebook,0,3,1,4,1
29,1,pinterest,0,3,1,4,1
29,2,pinterest,0,3,1,4,1
29,3,pinterest,0,3,1,4,1
29,1,snapchat,5,4,6,6,5
29,2,snapchat,3,4,6,6,5
29,3,snapchat,4,4,6,6,5
29,1,instagram,9,4,6,6,5
29,2,instagram,7,4,6,6,5
29,3,instagram,4,4,6,6,5
29,1,youtube,8,4,5,6,5
29,2,youtube,5,4,5,6,5
29,3,youtube,4,4,5,6,5
29,1,twitter,1,3,2,3,3
29,2,twitter,1,3,2,3,3
29,3,twitter,1,3,2,3,3
30,1,snapchat,0,2,1,3,1
30,2,snapchat,0,2,1,3,1
30,3,snapchat,0,2,1,3,1
30,1,youtube,18,1,2,5,1
30,2,youtube,14,1,2,5,1
30,3,youtube,12,1,2,5,1
30,1,instagram,0,3,1,3,1
30,2,instagram,0,3,1,3,1
30,3,instagram,0,3,1,3,1
30,1,twitter,0,3,1,4,1
30,2,twitter,0,3,1,4,1
30,3,twitter,0,3,1,4,1
30,1,facebook,0,3,1,4,1
30,2,facebook,0,3,1,4,1
30,3,facebook,0,3,1,4,1
30,1,pinterest,0,3,1,4,2
30,2,pinterest,0,3,1,4,2
30,3,pinterest,0,3,1,4,2
31,1,facebook,0,1,1,1,1
31,2,facebook,0,1,1,1,1
31,3,facebook,0,1,1,1,1
31,1,snapchat,0,2,1,1,1
31,2,snapchat,0,2,1,1,1
31,3,snapchat,0,2,1,1,1
31,1,instagram,0,3,2,5,2
31,2,instagram,1,3,2,5,2
31,3,instagram,0,3,2,5,2
31,1,pinterest,0,4,2,5,2
31,2,pinterest,0,4,2,5,2
31,3,pinterest,0,4,2,5,2
31,1,youtube,7,3,6,5,6
31,2,youtube,7,3,6,5,6
31,3,youtube,3,3,6,5,6
31,1,twitter,14,3,5,5,6
31,2,twitter,8,3,5,5,6
31,3,twitter,14,3,5,5,6
32,1,facebook,0,3,1,4,1
32,2,facebook,0,3,1,4,1
32,3,facebook,0,3,1,4,1
32,1,twitter,0,3,1,1,1
32,2,twitter,0,3,1,1,1
32,3,twitter,0,3,1,1,1
32,1,youtube,20,5,7,7,6
32,2,youtube,6,5,7,7,6
32,3,youtube,3,5,7,7,6
32,1,instagram,20,4,6,7,6
32,2,instagram,7,4,6,7,6
32,3,instagram,4,4,6,7,6
32,1,snapchat,3,3,6,5,3
32,2,snapchat,3,3,6,5,3
32,3,snapchat,2,3,6,5,3
32,1,pinterest,5,5,6,7,4
32,2,pinterest,2,5,6,7,4
32,3,pinterest,1,5,6,7,4
33,3,snapchat,25,4,5,6,6
33,3,pinterest,0,2,3,4,2
33,3,instagram,25,5,4,6,6
33,3,facebook,0,2,2,5,4
33,3,youtube,3,4,5,5,6
33,3,twitter,0,2,4,6,6
34,2,youtube,3,4,4,5,4
34,3,youtube,5,4,4,5,4
34,2,snapchat,3,3,2,4,3
34,3,snapchat,0,3,2,4,3
34,2,twitter,0,3,1,4,1
34,3,twitter,0,3,1,4,1
34,2,instagram,6,2,4,5,4
34,3,instagram,7,2,4,5,4
34,2,facebook,0,3,1,4,1
34,3,facebook,0,3,1,4,1
34,2,pinterest,0,4,4,6,3
34,3,pinterest,1,4,4,6,3
35,1,twitter,0,3,1,1,1
35,2,twitter,0,3,1,1,1
35,3,twitter,0,3,1,1,1
35,1,pinterest,5,5,5,6,4
35,2,pinterest,9,5,5,6,4
35,3,pinterest,7,5,5,6,4
35,1,youtube,2,4,2,6,4
35,2,youtube,8,4,2,6,4
35,3,youtube,0,4,2,6,4
35,1,facebook,2,4,5,6,4
35,2,facebook,3,4,5,6,4
35,3,facebook,1,4,5,6,4
35,1,snapchat,3,5,5,6,4
35,2,snapchat,6,5,5,6,4
35,3,snapchat,4,5,5,6,4
35,1,instagram,3,5,5,5,4
35,2,instagram,3,5,5,5,4
35,3,instagram,2,5,5,5,4
36,1,facebook,2,3,4,5,3
36,2,facebook,5,3,4,5,3
36,3,facebook,5,3,4,5,3
36,1,instagram,3,3,4,4,3
36,2,instagram,5,3,4,4,3
36,3,instagram,5,3,4,4,3
36,1,twitter,0,2,1,1,1
36,2,twitter,0,2,1,1,1
36,3,twitter,0,2,1,1,1
36,1,pinterest,0,3,2,5,2
36,2,pinterest,1,3,2,5,2
36,3,pinterest,0,3,2,5,2
36,1,youtube,0,3,5,7,3
36,2,youtube,1,3,5,7,3
36,3,youtube,1,3,5,7,3
36,1,snapchat,1,3,4,7,3
36,2,snapchat,1,3,4,7,3
36,3,snapchat,0,3,4,7,3
37,1,snapchat,1,4,6,6,6
37,2,snapchat,1,4,6,6,6
37,3,snapchat,1,4,6,6,6
37,1,pinterest,0,3,1,1,1
37,2,pinterest,0,3,1,1,1
37,3,pinterest,0,3,1,1,1
37,1,facebook,1,2,5,6,3
37,2,facebook,1,2,5,6,3
37,3,facebook,1,2,5,6,3
37,1,twitter,0,3,1,4,1
37,2,twitter,0,3,1,4,1
37,3,twitter,0,3,1,4,1
37,1,instagram,3,4,6,6,6
37,2,instagram,2,4,6,6,6
37,3,instagram,1,4,6,6,6
37,1,youtube,2,3,6,6,4
37,2,youtube,0,3,6,6,4
37,3,youtube,0,3,6,6,4
38,1,instagram,0,2,1,1,1
38,2,instagram,0,2,1,1,1
38,3,instagram,0,2,1,1,1
38,1,youtube,20,5,7,7,6
38,2,youtube,9,5,7,7,6
38,3,youtube,9,5,7,7,6
38,1,snapchat,0,4,2,1,2
38,2,snapchat,0,4,2,1,2
38,3,snapchat,0,4,2,1,2
38,1,pinterest,0,2,1,1,1
38,2,pinterest,0,2,1,1,1
38,3,pinterest,0,2,1,1,1
38,1,facebook,0,4,1,3,2
38,2,facebook,0,4,1,3,2
38,3,facebook,0,4,1,3,2
38,1,twitter,6,5,7,7,6
38,2,twitter,4,5,7,7,6
38,3,twitter,2,5,7,7,6
39,1,youtube,3,5,3,7,3
39,2,youtube,2,5,3,7,3
39,3,youtube,0,5,3,7,3
39,1,twitter,6,5,7,7,4
39,2,twitter,9,5,7,7,4
39,3,twitter,2,5,7,7,4
39,1,pinterest,0,5,3,6,2
39,2,pinterest,0,5,3,6,2
39,3,pinterest,0,5,3,6,2
39,1,facebook,0,5,1,5,1
39,2,facebook,0,5,1,5,1
39,3,facebook,0,5,1,5,1
39,1,instagram,4,5,6,7,4
39,2,instagram,8,5,6,7,4
39,3,instagram,2,5,6,7,4
39,1,snapchat,7,5,7,7,4
39,2,snapchat,20,5,7,7,4
39,3,snapchat,2,5,7,7,4
41,1,twitter,0,3,1,4,1
41,2,twitter,0,3,1,4,1
41,3,twitter,0,3,1,4,1
41,1,youtube,4,4,6,7,3
41,2,youtube,2,4,6,7,3
41,3,youtube,1,4,6,7,3
41,1,instagram,0,4,1,4,1
41,2,instagram,0,4,1,4,1
41,3,instagram,0,4,1,4,1
41,1,pinterest,0,3,1,4,1
41,2,pinterest,0,3,1,4,1
41,3,pinterest,0,3,1,4,1
41,1,facebook,0,1,1,4,1
41,2,facebook,0,1,1,4,1
41,3,facebook,0,1,1,4,1
41,1,snapchat,2,5,6,7,4
41,2,snapchat,1.5,5,6,7,4
41,3,snapchat,1,5,6,7,4
42,1,snapchat,2,2,4,2,3
42,2,snapchat,1,2,4,2,3
42,3,snapchat,1,2,4,2,3
42,1,facebook,3,2,4,3,4
42,2,facebook,0,2,4,3,4
42,3,facebook,0,2,4,3,4
42,1,pinterest,0,4,4,4,4
42,2,pinterest,0,4,4,4,4
42,3,pinterest,0,4,4,4,4
42,1,twitter,1,2,4,2,3
42,2,twitter,4,2,4,2,3
42,3,twitter,3,2,4,2,3
42,1,youtube,1,2,4,3,3
42,2,youtube,10,2,4,3,3
42,3,youtube,8,2,4,3,3
42,1,instagram,4,2,4,2,3
42,2,instagram,9,2,4,2,3
42,3,instagram,5,2,4,2,3
43,1,twitter,0,2,2,5,2
43,2,twitter,0,2,2,5,2
43,3,twitter,0,2,2,5,2
43,1,snapchat,2,4,6,6,3
43,2,snapchat,3,4,6,6,3
43,3,snapchat,2,4,6,6,3
43,1,instagram,1,4,4,5,4
43,2,instagram,8,4,4,5,4
43,3,instagram,1,4,4,5,4
43,1,youtube,2,4,6,7,3
43,2,youtube,3,4,6,7,3
43,3,youtube,6,4,6,7,3
43,1,facebook,0,1,1,1,1
43,2,facebook,0,1,1,1,1
43,3,facebook,0,1,1,1,1
43,1,pinterest,0,3,1,1,1
43,2,pinterest,0,3,1,1,1
43,3,pinterest,0,3,1,1,1
44,1,twitter,0,1,1,1,1
44,2,twitter,0,1,1,1,1
44,3,twitter,0,1,1,1,1
44,1,youtube,1,4,3,5,2
44,2,youtube,4,4,3,5,2
44,3,youtube,1,4,3,5,2
44,1,facebook,0,4,2,1,1
44,2,facebook,0,4,2,1,1
44,3,facebook,0,4,2,1,1
44,1,snapchat,1,5,4,6,4
44,2,snapchat,3,5,4,6,4
44,3,snapchat,3,5,4,6,4
44,1,pinterest,1,4,5,6,2
44,2,pinterest,0,4,5,6,2
44,3,pinterest,0,4,5,6,2
44,1,instagram,1,5,5,6,4
44,2,instagram,1,5,5,6,4
44,3,instagram,3,5,5,6,4
45,1,youtube,2,4,4,4,4
45,2,youtube,7,4,4,4,4
45,3,youtube,3,4,4,4,4
45,1,pinterest,0,3,2,4,1
45,2,pinterest,0,3,2,4,1
45,3,pinterest,0,3,2,4,1
45,1,facebook,1,3,2,2,2
45,2,facebook,0,3,2,2,2
45,3,facebook,1,3,2,2,2
45,1,snapchat,48,4,4,5,4
45,2,snapchat,5,4,4,5,4
45,3,snapchat,7,4,4,5,4
45,1,twitter,15,4,4,5,4
45,2,twitter,12,4,4,5,4
45,3,twitter,14,4,4,5,4
45,1,instagram,56,4,4,6,6
45,2,instagram,24,4,4,6,6
45,3,instagram,50,4,4,6,6
46,1,facebook,0,2,2,3,2
46,2,facebook,0,2,2,3,2
46,3,facebook,0,2,2,3,2
46,1,twitter,6,4,6,6,6
46,2,twitter,6,4,6,6,6
46,3,twitter,3,4,6,6,6
46,1,snapchat,0,3,3,5,2
46,2,snapchat,1,3,3,5,2
46,3,snapchat,0,3,3,5,2
46,1,instagram,1,4,4,6,4
46,2,instagram,1,4,4,6,4
46,3,instagram,1,4,4,6,4
46,1,youtube,2,5,4,7,4
46,2,youtube,2,5,4,7,4
46,3,youtube,2,5,4,7,4
46,1,pinterest,0,3,2,6,1
46,2,pinterest,0,3,2,6,1
46,3,pinterest,0,3,2,6,1
47,1,facebook,2,3,2,4,1
47,2,facebook,0,3,2,4,1
47,3,facebook,2,3,2,4,1
47,1,twitter,10,5,7,7,6
47,2,twitter,14,5,7,7,6
47,3,twitter,48,5,7,7,6
47,1,snapchat,15,5,7,7,6
47,2,snapchat,14,5,7,7,6
47,3,snapchat,48,5,7,7,6
47,1,youtube,5,5,7,7,3
47,2,youtube,3,5,7,7,3
47,3,youtube,4,5,7,7,3
47,1,pinterest,0,3,1,1,1
47,2,pinterest,0,3,1,1,1
47,3,pinterest,0,3,1,1,1
47,1,instagram,24,5,7,7,6
47,2,instagram,14,5,7,7,6
47,3,instagram,48,5,7,7,6
48,1,youtube,12,4,5,5,6
48,2,youtube,6,4,5,5,6
48,3,youtube,5,4,5,5,6
48,1,pinterest,0,4,1,1,1
48,2,pinterest,0,4,1,1,1
48,3,pinterest,0,4,1,1,1
48,1,twitter,2,4,4,6,3
48,2,twitter,0,4,4,6,3
48,3,twitter,0,4,4,6,3
48,1,instagram,13,4,5,6,6
48,2,instagram,12,4,5,6,6
48,3,instagram,8,4,5,6,6
48,1,facebook,0,2,1,1,1
48,2,facebook,0,2,1,1,1
48,3,facebook,0,2,1,1,1
48,1,snapchat,2,4,4,6,3
48,2,snapchat,1,4,4,6,3
48,3,snapchat,0,4,4,6,3
49,1,snapchat,10,3,1,7,6
49,2,snapchat,13,3,1,7,6
49,3,snapchat,0,3,1,7,6
49,1,youtube,5,3,7,7,4
49,2,youtube,8,3,7,7,4
49,3,youtube,10,3,7,7,4
49,1,twitter,0,3,1,5,1
49,2,twitter,0,3,1,5,1
49,3,twitter,0,3,1,5,1
49,1,instagram,1,3,1,1,1
49,2,instagram,0,3,1,1,1
49,3,instagram,1,3,1,1,1
49,1,pinterest,0,3,1,1,1
49,2,pinterest,0,3,1,1,1
49,3,pinterest,0,3,1,1,1
49,1,facebook,0,3,1,1,1
49,2,facebook,0,3,1,1,1
49,3,facebook,1,3,1,1,1
50,1,facebook,1,4,3,5,3
50,2,facebook,1,4,3,5,3
50,1,pinterest,0,5,1,1,1
50,2,pinterest,0,5,1,1,1
50,1,twitter,0,1,1,1,1
50,2,twitter,0,1,1,1,1
50,1,instagram,3,3,6,7,5
50,2,instagram,4,3,6,7,5
50,1,youtube,4,4,6,7,6
50,2,youtube,4,4,6,7,6
50,1,snapchat,3,4,5,7,6
50,2,snapchat,4,4,5,7,6
51,1,facebook,0,4,2,5,2
51,2,facebook,0,4,2,5,2
51,3,facebook,0,4,2,5,2
51,1,snapchat,2,5,5,6,4
51,2,snapchat,9,5,5,6,4
51,3,snapchat,8,5,5,6,4
51,1,twitter,1,4,3,6,2
51,2,twitter,1,4,3,6,2
51,3,twitter,1,4,3,6,2
51,1,pinterest,1,5,4,6,2
51,2,pinterest,0,5,4,6,2
51,3,pinterest,0,5,4,6,2
51,1,youtube,1,5,6,7,4
51,2,youtube,9,5,6,7,4
51,3,youtube,3,5,6,7,4
51,1,instagram,4,5,5,7,5
51,2,instagram,8,5,5,7,5
51,3,instagram,5,5,5,7,5
52,1,pinterest,0,4,2,3,1
52,2,pinterest,0,4,2,3,1
52,3,pinterest,0,4,2,3,1
52,1,snapchat,2,4,2,5,4
52,2,snapchat,2,4,2,5,4
52,3,snapchat,2,4,2,5,4
52,1,twitter,4,4,4,6,4
52,2,twitter,3,4,4,6,4
52,3,twitter,2,4,4,6,4
52,1,facebook,1,4,3,4,2
52,2,facebook,1,4,3,4,2
52,3,facebook,1,4,3,4,2
52,1,youtube,6,5,4,6,4
52,2,youtube,4,5,4,6,4
52,3,youtube,4,5,4,6,4
52,1,instagram,12,5,6,6,5
52,2,instagram,12,5,6,6,5
52,3,instagram,12,5,6,6,5
53,1,instagram,10,5,4,7,5
53,2,instagram,7,5,4,7,5
53,3,instagram,5,5,4,7,5
53,1,youtube,10,5,7,7,5
53,2,youtube,10,5,7,7,5
53,3,youtube,5,5,7,7,5
53,1,facebook,0,4,3,4,3
53,2,facebook,0,4,3,4,3
53,3,facebook,0,4,3,4,3
53,1,pinterest,1,4,2,7,2
53,2,pinterest,0,4,2,7,2
53,3,pinterest,0,4,2,7,2
53,1,twitter,10,5,7,7,6
53,2,twitter,5,5,7,7,6
53,3,twitter,5,5,7,7,6
53,1,snapchat,10,5,7,7,6
53,2,snapchat,10,5,7,7,6
53,3,snapchat,5,5,7,7,6
54,1,snapchat,0,3,3,1,1
54,2,snapchat,0,3,3,1,1
54,3,snapchat,0,3,3,1,1
54,1,twitter,0,3,1,1,1
54,2,twitter,0,3,1,1,1
54,3,twitter,0,3,1,1,1
54,1,pinterest,0,3,1,1,1
54,2,pinterest,0,3,1,1,1
54,3,pinterest,0,3,1,1,1
54,1,instagram,2,4,7,7,4
54,2,instagram,2,4,7,7,4
54,3,instagram,4,4,7,7,4
54,1,facebook,0,3,1,1,1
54,2,facebook,0,3,1,1,1
54,3,facebook,0,3,1,1,1
54,1,youtube,2,5,7,7,6
54,2,youtube,4,5,7,7,6
54,3,youtube,3,5,7,7,6
55,2,youtube,9,3,6,4,6
55,3,youtube,5,3,6,4,6
55,2,facebook,1,3,4,3,3
55,3,facebook,1,3,4,3,3
55,2,instagram,5,4,7,7,6
55,3,instagram,4,4,7,7,6
55,2,snapchat,3,3,2,4,2
55,3,snapchat,0,3,2,4,2
55,2,twitter,6,3,3,5,4
55,3,twitter,5,3,3,5,4
55,2,pinterest,0,4,3,6,2
55,3,pinterest,0,4,3,6,2
56,1,instagram,0,3,1,4,1
56,2,instagram,0,3,1,4,1
56,1,snapchat,13,4,7,6,6
56,2,snapchat,17,4,7,6,6
56,1,twitter,0,3,1,4,1
56,2,twitter,0,3,1,4,1
56,1,facebook,2,3,1,5,2
56,2,facebook,0,3,1,5,2
56,1,pinterest,1,4,5,6,4
56,2,pinterest,0,4,5,6,4
56,1,youtube,6,4,7,6,6
56,2,youtube,4,4,7,6,6
57,1,pinterest,0,5,4,6,2
57,2,pinterest,0,5,4,6,2
57,3,pinterest,0,5,4,6,2
57,1,facebook,0,3,1,1,1
57,2,facebook,0,3,1,1,1
57,3,facebook,0,3,1,1,1
57,1,twitter,0,3,1,2,1
57,2,twitter,0,3,1,2,1
57,3,twitter,0,3,1,2,1
57,1,snapchat,4,2,4,6,5
57,2,snapchat,4,2,4,6,5
57,3,snapchat,3,2,4,6,5
57,1,instagram,3,4,4,5,3
57,2,instagram,2,4,4,5,3
57,3,instagram,3,4,4,5,3
57,1,youtube,10,4,6,7,5
57,2,youtube,10,4,6,7,5
57,3,youtube,8,4,6,7,5
58,1,facebook,0,3,1,4,1
58,2,facebook,0,3,1,4,1
58,3,facebook,0,3,1,4,1
58,1,instagram,0,4,2,5,1
58,2,instagram,0,4,2,5,1
58,3,instagram,0,4,2,5,1
58,1,youtube,24,5,6,7,5
58,2,youtube,7,5,6,7,5
58,3,youtube,8,5,6,7,5
58,1,snapchat,12,4,3,6,3
58,2,snapchat,6,4,3,6,3
58,3,snapchat,5,4,3,6,3
58,1,pinterest,15,5,5,7,4
58,2,pinterest,5,5,5,7,4
58,3,pinterest,5,5,5,7,4
58,1,twitter,0,2,1,4,1
58,2,twitter,0,2,1,4,1
58,3,twitter,0,2,1,4,1
60,1,pinterest,0,3,1,2,1
60,2,pinterest,0,3,1,2,1
60,3,pinterest,0,3,1,2,1
60,1,instagram,0,2,1,1,1
60,2,instagram,0,2,1,1,1
60,3,instagram,0,2,1,1,1
60,1,facebook,1,2,2,3,3
60,2,facebook,0.5,2,2,3,3
60,3,facebook,0.5,2,2,3,3
60,1,twitter,0,2,1,2,1
60,2,twitter,0,2,1,2,1
60,3,twitter,0,2,1,2,1
60,1,youtube,0.5,4,5,6,3
60,2,youtube,1,4,5,6,3
60,3,youtube,2,4,5,6,3
60,1,snapchat,0,2,1,2,1
60,2,snapchat,0,2,1,2,1
60,3,snapchat,0,2,1,2,1
61,1,twitter,1,5,6,7,3
61,2,twitter,3,5,6,7,3
61,3,twitter,3,5,6,7,3
61,1,instagram,2,5,5,7,4
61,2,instagram,5,5,5,7,4
61,3,instagram,5,5,5,7,4
61,1,facebook,1,4,3,5,3
61,2,facebook,3,4,3,5,3
61,3,facebook,2,4,3,5,3
61,1,snapchat,6,5,7,7,6
61,2,snapchat,10,5,7,7,6
61,3,snapchat,10,5,7,7,6
61,1,youtube,6,5,7,7,3
61,2,youtube,10,5,7,7,3
61,3,youtube,10,5,7,7,3
61,1,pinterest,0,3,1,4,1
61,2,pinterest,0,3,1,4,1
61,3,pinterest,0,3,1,4,1
62,2,snapchat,30,5,7,7,6
62,3,snapchat,26,5,7,7,6
62,2,facebook,1,4,2,5,3
62,3,facebook,1,4,2,5,3
62,2,youtube,8,5,5,6,4
62,3,youtube,6,5,5,6,4
62,2,instagram,15,5,6,6,6
62,3,instagram,15,5,6,6,6
62,2,pinterest,1,3,1,4,2
62,3,pinterest,0,3,1,4,2
62,2,twitter,0,3,1,4,1
62,3,twitter,0,3,1,4,1
63,1,instagram,8,4,6,6,5
63,2,instagram,4,4,6,6,5
63,3,instagram,7,4,6,6,5
63,1,youtube,10,4,6,6,6
63,2,youtube,4,4,6,6,6
63,3,youtube,7,4,6,6,6
63,1,twitter,10,4,4,6,6
63,2,twitter,4,4,4,6,6
63,3,twitter,7,4,4,6,6
63,1,facebook,3,4,3,5,3
63,2,facebook,4,4,3,5,3
63,3,facebook,4,4,3,5,3
63,1,pinterest,0,3,1,4,1
63,2,pinterest,0,3,1,4,1
63,3,pinterest,0,3,1,4,1
63,1,snapchat,10,4,4,6,6
63,2,snapchat,4,4,4,6,6
63,3,snapchat,7,4,4,6,6
64,1,youtube,5,4,5,6,6
64,2,youtube,7,4,5,6,6
64,3,youtube,6,4,5,6,6
64,1,snapchat,3,4,4,6,4
64,2,snapchat,5,4,4,6,4
64,3,snapchat,5,4,4,6,4
64,1,facebook,4,3,4,6,4
64,2,facebook,4,3,4,6,4
64,3,facebook,4,3,4,6,4
64,1,twitter,0,3,1,5,1
64,2,twitter,0,3,1,5,1
64,3,twitter,0,3,1,5,1
64,1,pinterest,0,3,1,4,2
64,2,pinterest,0,3,1,4,2
64,3,pinterest,0,3,1,4,2
64,1,instagram,5,4,5,6,6
64,2,instagram,8,4,5,6,6
64,3,instagram,6,4,5,6,6
65,2,youtube,7,5,7,7,6
65,3,youtube,10,5,7,7,6
65,2,facebook,0,3,2,5,1
65,3,facebook,0,3,2,5,1
65,2,pinterest,2,5,7,7,4
65,3,pinterest,3,5,7,7,4
65,2,twitter,0,2,1,3,1
65,3,twitter,0,2,1,3,1
65,2,snapchat,0,2,1,3,1
65,3,snapchat,0,2,1,3,1
65,2,instagram,7,4,7,7,6
65,3,instagram,10,4,7,7,6
66,1,twitter,0,3,1,4,1
66,2,twitter,0,3,1,4,1
66,3,twitter,0,3,1,4,1
66,1,snapchat,2,3,2,4,4
66,2,snapchat,2,3,2,4,4
66,3,snapchat,1,3,2,4,4
66,1,instagram,4,3,2,4,4
66,2,instagram,2,3,2,4,4
66,3,instagram,3,3,2,4,4
66,1,facebook,0,2,1,4,1
66,2,facebook,0,2,1,4,1
66,3,facebook,1,2,1,4,1
66,1,youtube,3,3,2,4,4
66,2,youtube,2,3,2,4,4
66,3,youtube,3,3,2,4,4
66,1,pinterest,0,3,1,4,1
66,2,pinterest,0,3,1,4,1
66,3,pinterest,0,3,1,4,1
67,1,youtube,10,4,6,5,4
67,2,youtube,3,4,6,5,4
67,1,instagram,7,4,6,5,4
67,2,instagram,2.5,4,6,5,4
67,1,twitter,2,4,6,6,4
67,2,twitter,1,4,6,6,4
67,1,pinterest,0,5,2,5,2
67,2,pinterest,0,5,2,5,2
67,1,facebook,0,4,2,3,1
67,2,facebook,0,4,2,3,1
67,1,snapchat,7,4,6,5,4
67,2,snapchat,1,4,6,5,4
68,3,twitter,7,4,3,6,3
68,3,pinterest,0,3,1,3,1
68,3,youtube,10,4,3,5,2
68,3,instagram,20,4,5,7,5
68,3,snapchat,20,4,6,7,4
68,3,facebook,2,4,2,5,2
69,1,facebook,0,2,1,2,1
69,2,facebook,0,2,1,2,1
69,3,facebook,0,2,1,2,1
69,1,pinterest,0,3,1,2,1
69,2,pinterest,0,3,1,2,1
69,3,pinterest,0,3,1,2,1
69,1,twitter,2,4,6,6,4
69,2,twitter,1,4,6,6,4
69,3,twitter,3,4,6,6,4
69,1,snapchat,4,4,7,6,5
69,2,snapchat,4,4,7,6,5
69,3,snapchat,6,4,7,6,5
69,1,instagram,3,4,7,7,6
69,2,instagram,7,4,7,7,6
69,3,instagram,5,4,7,7,6
69,1,youtube,10,5,7,7,6
69,2,youtube,10,5,7,7,6
69,3,youtube,13,5,7,7,6
70,1,instagram,9,5,6,7,6
70,2,instagram,10,5,6,7,6
70,3,instagram,3,5,6,7,6
70,1,snapchat,0,5,3,7,1
70,2,snapchat,0,5,3,7,1
70,3,snapchat,0,5,3,7,1
70,1,twitter,0,4,2,6,2
70,2,twitter,0,4,2,6,2
70,3,twitter,0,4,2,6,2
70,1,pinterest,10,5,7,7,3
70,2,pinterest,13,5,7,7,3
70,3,pinterest,2,5,7,7,3
70,1,youtube,9,5,7,7,4
70,2,youtube,10,5,7,7,4
70,3,youtube,5,5,7,7,4
70,1,facebook,9,4,6,7,6
70,2,facebook,10,4,6,7,6
70,3,facebook,3,4,6,7,6
71,1,snapchat,2,4,6,6,5
71,2,snapchat,1,4,6,6,5
71,1,facebook,0,4,1,4,1
71,2,facebook,0,4,1,4,1
71,1,instagram,4,4,7,7,6
71,2,instagram,4,4,7,7,6
71,1,youtube,2,4,7,7,6
71,2,youtube,2,4,7,7,6
71,1,pinterest,0,5,1,4,1
71,2,pinterest,0,5,1,4,1
71,1,twitter,4,4,7,7,6
71,2,twitter,2,4,7,7,6
72,1,pinterest,0,3,3,2,1
72,2,pinterest,0,3,3,2,1
72,3,pinterest,0,3,3,2,1
72,1,instagram,6,4,6,6,5
72,2,instagram,20,4,6,6,5
72,3,instagram,15,4,6,6,5
72,1,facebook,0,2,1,1,1
72,2,facebook,0,2,1,1,1
72,3,facebook,0,2,1,1,1
72,1,youtube,20,5,6,6,4
72,2,youtube,25,5,6,6,4
72,3,youtube,30,5,6,6,4
72,1,twitter,6,5,6,6,4
72,2,twitter,12,5,6,6,4
72,3,twitter,20,5,6,6,4
72,1,snapchat,12,5,6,6,5
72,2,snapchat,30,5,6,6,5
72,3,snapchat,25,5,6,6,5
73,1,twitter,0,2,1,1,1
73,2,twitter,0,2,1,1,1
73,3,twitter,0,2,1,1,1
73,1,instagram,0,2,1,1,1
73,2,instagram,0,2,1,1,1
73,3,instagram,0,2,1,1,1
73,1,snapchat,0,2,1,1,1
73,2,snapchat,0,2,1,1,1
73,3,snapchat,0,2,1,1,1
73,1,pinterest,0,3,1,1,1
73,2,pinterest,0,3,1,1,1
73,3,pinterest,0,3,1,1,1
73,1,facebook,0,2,1,1,1
73,2,facebook,0,2,1,1,1
73,3,facebook,0,2,1,1,1
73,1,youtube,2,4,5,5,2
73,2,youtube,2,4,5,5,2
73,3,youtube,3,4,5,5,2
74,1,instagram,3,5,5,6,6
74,2,instagram,2,5,5,6,6
74,3,instagram,5,5,5,6,6
74,1,youtube,3,5,5,7,3
74,2,youtube,4,5,5,7,3
74,3,youtube,2,5,5,7,3
74,1,facebook,0,3,2,1,2
74,2,facebook,0,3,2,1,2
74,3,facebook,0,3,2,1,2
74,1,snapchat,3,5,4,6,6
74,2,snapchat,4,5,4,6,6
74,3,snapchat,3,5,4,6,6
74,1,twitter,3,5,6,7,6
74,2,twitter,3,5,6,7,6
74,3,twitter,9,5,6,7,6
74,1,pinterest,0,3,1,1,2
74,2,pinterest,0,3,1,1,2
74,3,pinterest,0,3,1,1,2
75,1,youtube,1,4,3,5,3
75,2,youtube,0,4,3,5,3
75,3,youtube,0,4,3,5,3
75,1,pinterest,0,5,3,6,2
75,2,pinterest,1,5,3,6,2
75,3,pinterest,0,5,3,6,2
75,1,twitter,0,3,1,6,1
75,2,twitter,0,3,1,6,1
75,3,twitter,0,3,1,6,1
75,1,instagram,4,3,4,6,3
75,2,instagram,5,3,4,6,3
75,3,instagram,3,3,4,6,3
75,1,facebook,0,3,2,4,1
75,2,facebook,0,3,2,4,1
75,3,facebook,0,3,2,4,1
75,1,snapchat,4,4,4,5,4
75,2,snapchat,5,4,4,5,4
75,3,snapchat,3,4,4,5,4
76,1,facebook,0,3,1,3,1
76,2,facebook,0,3,1,3,1
76,3,facebook,0,3,1,3,1
76,1,instagram,3,4,6,6,5
76,2,instagram,3,4,6,6,5
76,3,instagram,4,4,6,6,5
76,1,snapchat,3,4,6,6,5
76,2,snapchat,4,4,6,6,5
76,3,snapchat,6,4,6,6,5
76,1,youtube,1,4,4,6,3
76,2,youtube,3,4,4,6,3
76,3,youtube,1,4,4,6,3
76,1,pinterest,0,3,1,4,1
76,2,pinterest,0,3,1,4,1
76,3,pinterest,0,3,1,4,1
76,1,twitter,1,4,2,5,3
76,2,twitter,1,4,2,5,3
76,3,twitter,1,4,2,5,3
77,1,facebook,0,2,1,3,1
77,2,facebook,0,2,1,3,1
77,3,facebook,0,2,1,3,1
77,1,twitter,0,2,1,3,1
77,2,twitter,0,2,1,3,1
77,3,twitter,0,2,1,3,1
77,1,instagram,4,5,4,7,5
77,2,instagram,1,5,4,7,5
77,3,instagram,3,5,4,7,5
77,1,pinterest,0,4,2,4,2
77,2,pinterest,0,4,2,4,2
77,3,pinterest,0,4,2,4,2
77,1,snapchat,6,5,6,7,6
77,2,snapchat,2,5,6,7,6
77,3,snapchat,5,5,6,7,6
77,1,youtube,0,5,2,5,2
77,2,youtube,0,5,2,5,2
77,3,youtube,2,5,2,5,2
78,1,facebook,0,3,1,4,1
78,2,facebook,0,3,1,4,1
78,3,facebook,0,3,1,4,1
78,1,snapchat,5,4,6,7,6
78,2,snapchat,16,4,6,7,6
78,3,snapchat,5,4,6,7,6
78,1,pinterest,0,3,6,1,1
78,2,pinterest,0,3,6,1,1
78,3,pinterest,0,3,6,1,1
78,1,twitter,0,3,1,1,1
78,2,twitter,0,3,1,1,1
78,3,twitter,0,3,1,1,1
78,1,instagram,16,4,6,7,6
78,2,instagram,18,4,6,7,6
78,3,instagram,7,4,6,7,6
78,1,youtube,10,4,6,7,6
78,2,youtube,18,4,6,7,6
78,3,youtube,8,4,6,7,6
79,1,youtube,0,3,1,6,1
79,2,youtube,0,3,1,6,1
79,3,youtube,0,3,1,6,1
79,1,snapchat,1,4,2,5,2
79,2,snapchat,0,4,2,5,2
79,3,snapchat,0,4,2,5,2
79,1,instagram,8,3,5,5,4
79,2,instagram,8,3,5,5,4
79,3,instagram,6,3,5,5,4
79,1,facebook,0,3,1,5,1
79,2,facebook,0,3,1,5,1
79,3,facebook,0,3,1,5,1
79,1,twitter,0,3,1,4,1
79,2,twitter,0,3,1,4,1
79,3,twitter,0,3,1,4,1
79,1,pinterest,0,4,1,7,1
79,2,pinterest,0,4,1,7,1
79,3,pinterest,0,4,1,7,1
80,1,youtube,49,5,7,7,6
80,2,youtube,40,5,7,7,6
80,3,youtube,40,5,7,7,6
80,1,snapchat,0,3,1,2,2
80,2,snapchat,0,3,1,2,2
80,3,snapchat,0,3,1,2,2
80,1,instagram,0,3,1,1,2
80,2,instagram,0,3,1,1,2
80,3,instagram,0,3,1,1,2
80,1,pinterest,0,3,1,1,1
80,2,pinterest,0,3,1,1,1
80,3,pinterest,0,3,1,1,1
80,1,twitter,0,3,1,2,2
80,2,twitter,0,3,1,2,2
80,3,twitter,0,3,1,2,2
80,1,facebook,0,3,2,3,2
80,2,facebook,0,3,2,3,2
80,3,facebook,0,3,2,3,2
81,1,youtube,10,4,6,6,4
81,2,youtube,4,4,6,6,4
81,3,youtube,5,4,6,6,4
81,1,pinterest,0,3,1,1,1
81,2,pinterest,0,3,1,1,1
81,3,pinterest,0,3,1,1,1
81,1,facebook,0,2,1,1,1
81,2,facebook,0,2,1,1,1
81,3,facebook,0,2,1,1,1
81,1,twitter,0,4,1,5,2
81,2,twitter,0,4,1,5,2
81,3,twitter,0,4,1,5,2
81,1,snapchat,50,5,7,6,6
81,2,snapchat,12,5,7,6,6
81,3,snapchat,20,5,7,6,6
81,1,instagram,6,4,5,4,4
81,2,instagram,9,4,5,4,4
81,3,instagram,7,4,5,4,4
83,1,youtube,2,2,5,4,6
83,2,youtube,2,2,5,4,6
83,3,youtube,6,2,5,4,6
83,1,pinterest,0,3,1,2,1
83,2,pinterest,0,3,1,2,1
83,3,pinterest,0,3,1,2,1
83,1,instagram,2,4,6,7,6
83,2,instagram,1,4,6,7,6
83,3,instagram,3,4,6,7,6
83,1,twitter,0,3,5,6,5
83,2,twitter,1,3,5,6,5
83,3,twitter,0,3,5,6,5
83,1,facebook,0,3,1,1,1
83,2,facebook,0,3,1,1,1
83,3,facebook,0,3,1,1,1
83,1,snapchat,2,5,7,7,6
83,2,snapchat,3,5,7,7,6
83,3,snapchat,5,5,7,7,6
84,1,twitter,10,4,7,4,5
84,2,twitter,8,4,7,4,5
84,3,twitter,6,4,7,4,5
84,1,snapchat,8,4,6,4,4
84,2,snapchat,6,4,6,4,4
84,3,snapchat,4,4,6,4,4
84,1,facebook,0,3,1,1,1
84,2,facebook,0,3,1,1,1
84,3,facebook,0,3,1,1,1
84,1,youtube,0,4,3,4,2
84,2,youtube,0,4,3,4,2
84,3,youtube,0,4,3,4,2
84,1,pinterest,0,3,1,1,1
84,2,pinterest,0,3,1,1,1
84,3,pinterest,0,3,1,1,1
84,1,instagram,9,4,6,4,5
84,2,instagram,4,4,6,4,5
84,3,instagram,4,4,6,4,5
85,1,facebook,1,3,5,6,3
85,2,facebook,1,3,5,6,3
85,3,facebook,1,3,5,6,3
85,1,snapchat,3,3,1,7,6
85,2,snapchat,1,3,1,7,6
85,3,snapchat,3,3,1,7,6
85,1,twitter,1,3,4,7,3
85,2,twitter,2,3,4,7,3
85,3,twitter,1,3,4,7,3
85,1,instagram,5,3,1,7,6
85,2,instagram,1,3,1,7,6
85,3,instagram,4,3,1,7,6
85,1,pinterest,0,3,3,7,3
85,2,pinterest,1,3,3,7,3
85,3,pinterest,0,3,3,7,3
85,1,youtube,0,3,4,6,2
85,2,youtube,1,3,4,6,2
85,3,youtube,1,3,4,6,2
86,1,instagram,2,4,3,2,4
86,3,instagram,1,4,3,2,4
86,1,facebook,2,4,3,1,4
86,3,facebook,1,4,3,1,4
86,1,pinterest,0,2,1,2,2
86,3,pinterest,1,2,1,2,2
86,1,snapchat,4,4,3,2,4
86,3,snapchat,1,4,3,2,4
86,1,youtube,8,4,5,2,4
86,3,youtube,1,4,5,2,4
86,1,twitter,1,3,2,2,3
86,3,twitter,1,3,2,2,3
87,1,snapchat,6,4,6,7,6
87,2,snapchat,4,4,6,7,6
87,3,snapchat,4,4,6,7,6
87,1,facebook,0,3,1,1,1
87,2,facebook,0,3,1,1,1
87,3,facebook,0,3,1,1,1
87,1,instagram,3,4,6,7,4
87,2,instagram,1,4,6,7,4
87,3,instagram,3,4,6,7,4
87,1,pinterest,1,5,4,7,2
87,2,pinterest,0,5,4,7,2
87,3,pinterest,0,5,4,7,2
87,1,youtube,3,5,6,7,3
87,2,youtube,2,5,6,7,3
87,3,youtube,1,5,6,7,3
87,1,twitter,4,4,5,7,4
87,2,twitter,2,4,5,7,4
87,3,twitter,2,4,5,7,4
89,1,youtube,20,5,7,7,6
89,2,youtube,30,5,7,7,6
89,3,youtube,12,5,7,7,6
89,1,twitter,0,3,2,4,2
89,2,twitter,6,3,2,4,2
89,3,twitter,1,3,2,4,2
89,1,pinterest,0,3,1,4,1
89,2,pinterest,1,3,1,4,1
89,3,pinterest,1,3,1,4,1
89,1,snapchat,0,4,1,4,1
89,2,snapchat,0,4,1,4,1
89,3,snapchat,0,4,1,4,1
89,1,facebook,0,4,1,5,1
89,2,facebook,0,4,1,5,1
89,3,facebook,0,4,1,5,1
89,1,instagram,18,4,7,5,4
89,2,instagram,39,4,7,5,4
89,3,instagram,13,4,7,5,4
90,1,youtube,0,4,3,4,3
90,2,youtube,4,4,3,4,3
90,3,youtube,15,4,3,4,3
90,1,instagram,4,2,3,7,4
90,2,instagram,0,2,3,7,4
90,3,instagram,15,2,3,7,4
90,1,twitter,6,4,4,7,5
90,2,twitter,4,4,4,7,5
90,3,twitter,20,4,4,7,5
90,1,facebook,0,3,1,4,1
90,2,facebook,3,3,1,4,1
90,3,facebook,0,3,1,4,1
90,1,snapchat,3,4,3,4,5
90,2,snapchat,0,4,3,4,5
90,3,snapchat,0,4,3,4,5
90,1,pinterest,0,3,1,4,1
90,2,pinterest,0,3,1,4,1
90,3,pinterest,2,3,1,4,1
91,1,twitter,0,4,3,5,3
91,2,twitter,0,4,3,5,3
91,3,twitter,0,4,3,5,3
91,1,youtube,1,4,3,4,3
91,2,youtube,0,4,3,4,3
91,3,youtube,0,4,3,4,3
91,1,instagram,1.2,5,6,5,6
91,2,instagram,7,5,6,5,6
91,3,instagram,6,5,6,5,6
91,1,pinterest,0,3,2,5,1
91,2,pinterest,0,3,2,5,1
91,3,pinterest,0,3,2,5,1
91,1,facebook,1,4,4,4,4
91,2,facebook,0.5,4,4,4,4
91,3,facebook,1,4,4,4,4
91,1,snapchat,0.5,5,6,5,6
91,2,snapchat,7,5,6,5,6
91,3,snapchat,3,5,6,5,6
92,1,youtube,0,5,4,7,3
92,2,youtube,1,5,4,7,3
92,3,youtube,1,5,4,7,3
92,1,snapchat,0,3,2,2,2
92,2,snapchat,0,3,2,2,2
92,3,snapchat,0,3,2,2,2
92,1,instagram,0,5,5,7,5
92,2,instagram,0,5,5,7,5
92,3,instagram,0,5,5,7,5
92,1,twitter,0,5,6,7,5
92,2,twitter,1,5,6,7,5
92,3,twitter,0,5,6,7,5
92,1,pinterest,0,5,4,7,2
92,2,pinterest,0,5,4,7,2
92,3,pinterest,0,5,4,7,2
92,1,facebook,0,2,2,2,2
92,2,facebook,0,2,2,2,2
92,3,facebook,0,2,2,2,2
93,1,facebook,1,3,4,5,3
93,1,pinterest,0,3,1,2,1
93,1,youtube,15,4,7,7,6
93,1,twitter,0,4,2,4,1
93,1,instagram,15,5,7,6,4
93,1,snapchat,20,5,7,7,6
95,1,instagram,15,4,7,7,6
95,2,instagram,4,4,7,7,6
95,3,instagram,5,4,7,7,6
95,1,pinterest,0,3,1,6,1
95,2,pinterest,0,3,1,6,1
95,3,pinterest,0,3,1,6,1
95,1,twitter,15,2,6,7,6
95,2,twitter,3,2,6,7,6
95,3,twitter,3,2,6,7,6
95,1,snapchat,15,4,6,7,6
95,2,snapchat,2,4,6,7,6
95,3,snapchat,3,4,6,7,6
95,1,youtube,3,3,6,7,6
95,2,youtube,2,3,6,7,6
95,3,youtube,1,3,6,7,6
95,1,facebook,0,4,1,1,1
95,2,facebook,0,4,1,1,1
95,3,facebook,0,4,1,1,1
96,1,twitter,0,3,1,1,1
96,2,twitter,0,3,1,1,1
96,3,twitter,0,3,1,1,1
96,1,instagram,10,5,7,7,6
96,2,instagram,12,5,7,7,6
96,3,instagram,9,5,7,7,6
96,1,snapchat,4,4,6,7,6
96,2,snapchat,3,4,6,7,6
96,3,snapchat,4,4,6,7,6
96,1,pinterest,0,4,2,5,2
96,2,pinterest,0,4,2,5,2
96,3,pinterest,0,4,2,5,2
96,1,youtube,6,4,6,6,6
96,2,youtube,4,4,6,6,6
96,3,youtube,2,4,6,6,6
96,1,facebook,0,3,2,1,2
96,2,facebook,0,3,2,1,2
96,3,facebook,0,3,2,1,2
97,1,twitter,30,5,7,7,6
97,2,twitter,30,5,7,7,6
97,3,twitter,20,5,7,7,6
97,1,snapchat,10,5,7,7,4
97,2,snapchat,4,5,7,7,4
97,3,snapchat,4,5,7,7,4
97,1,instagram,5,4,6,7,4
97,2,instagram,5,4,6,7,4
97,3,instagram,3,4,6,7,4
97,1,pinterest,0,5,4,7,2
97,2,pinterest,0,5,4,7,2
97,3,pinterest,0,5,4,7,2
97,1,youtube,0,5,5,6,2
97,2,youtube,0,5,5,6,2
97,3,youtube,0,5,5,6,2
97,1,facebook,0,4,2,5,1
97,2,facebook,0,4,2,5,1
97,3,facebook,0,4,2,5,1
98,1,instagram,3,4,6,7,3
98,2,instagram,15,4,6,7,3
98,3,instagram,20,4,6,7,3
98,1,snapchat,4,4,6,7,4
98,2,snapchat,15,4,6,7,4
98,3,snapchat,20,4,6,7,4
98,1,facebook,0,4,1,5,1
98,2,facebook,0,4,1,5,1
98,3,facebook,0,4,1,5,1
98,1,youtube,4,4,1,7,1
98,2,youtube,7,4,1,7,1
98,3,youtube,15,4,1,7,1
98,1,twitter,0,3,1,4,1
98,2,twitter,0,3,1,4,1
98,3,twitter,0,3,1,4,1
98,1,pinterest,0,4,1,4,1
98,2,pinterest,0,4,1,4,1
98,3,pinterest,0,4,1,4,1
99,1,instagram,1,3,4,6,3
99,2,instagram,3,3,4,6,3
99,3,instagram,2,3,4,6,3
99,1,youtube,0,3,2,4,2
99,2,youtube,0,3,2,4,2
99,3,youtube,0,3,2,4,2
99,1,snapchat,14,4,7,7,6
99,2,snapchat,15,4,7,7,6
99,3,snapchat,15,4,7,7,6
99,1,pinterest,0,3,2,5,2
99,2,pinterest,1,3,2,5,2
99,3,pinterest,0,3,2,5,2
99,1,twitter,0,2,1,3,2
99,2,twitter,1,2,1,3,2
99,3,twitter,0,2,1,3,2
99,1,facebook,0,3,2,4,2
99,2,facebook,2,3,2,4,2
99,3,facebook,0,3,2,4,2
100,1,facebook,0,2,1,1,1
100,2,facebook,0,2,1,1,1
100,3,facebook,0,2,1,1,1
100,1,snapchat,5,4,7,6,6
100,2,snapchat,7,4,7,6,6
100,3,snapchat,4,4,7,6,6
100,1,youtube,14,5,7,7,6
100,2,youtube,10,5,7,7,6
100,3,youtube,6,5,7,7,6
100,1,instagram,15,4,7,6,6
100,2,instagram,3,4,7,6,6
100,3,instagram,7,4,7,6,6
100,1,twitter,0,4,2,6,4
100,2,twitter,0,4,2,6,4
100,3,twitter,1,4,2,6,4
100,1,pinterest,0,3,5,5,2
100,2,pinterest,0,3,5,5,2
100,3,pinterest,0,3,5,5,2
101,1,youtube,1,4,2,2,2
101,2,youtube,1,4,2,2,2
101,3,youtube,0,4,2,2,2
101,1,instagram,7,5,5,6,6
101,2,instagram,6,5,5,6,6
101,3,instagram,5,5,5,6,6
101,1,snapchat,5,4,4,3,4
101,2,snapchat,4,4,4,3,4
101,3,snapchat,1,4,4,3,4
101,1,twitter,0,2,1,1,1
101,2,twitter,0,2,1,1,1
101,3,twitter,0,2,1,1,1
101,1,pinterest,0,4,1,5,1
101,2,pinterest,0,4,1,5,1
101,3,pinterest,0,4,1,5,1
101,1,facebook,0,4,1,2,1
101,2,facebook,0,4,1,2,1
101,3,facebook,0,4,1,2,1
102,2,pinterest,0,4,2,1,1
102,3,pinterest,0,4,2,1,1
102,2,instagram,3,4,5,4,4
102,3,instagram,8,4,5,4,4
102,2,snapchat,1,3,3,5,4
102,3,snapchat,4,3,3,5,4
102,2,facebook,0,3,1,1,1
102,3,facebook,0,3,1,1,1
102,2,youtube,2,4,5,6,3
102,3,youtube,4,4,5,6,3
102,2,twitter,6,4,3,5,4
102,3,twitter,8,4,3,5,4
103,2,instagram,0,4,3,7,4
103,3,instagram,0,4,3,7,4
103,2,youtube,6,4,7,7,6
103,3,youtube,10,4,7,7,6
103,2,facebook,0,1,1,1,1
103,3,facebook,0,1,1,1,1
103,2,snapchat,1,4,6,7,6
103,3,snapchat,1,4,6,7,6
103,2,twitter,8,4,7,7,6
103,3,twitter,12,4,7,7,6
103,2,pinterest,1,5,3,7,3
103,3,pinterest,0,5,3,7,3
104,1,instagram,10,5,5,6,6
104,2,instagram,15,5,5,6,6
104,3,instagram,15,5,5,6,6
104,1,snapchat,10,4,5,6,6
104,2,snapchat,15,4,5,6,6
104,3,snapchat,10,4,5,6,6
104,1,facebook,0,1,1,1,1
104,2,facebook,0,1,1,1,1
104,3,facebook,0,1,1,1,1
104,1,pinterest,0,3,2,1,1
104,2,pinterest,0,3,2,1,1
104,3,pinterest,0,3,2,1,1
104,1,youtube,0,3,3,1,2
104,2,youtube,0,3,3,1,2
104,3,youtube,0,3,3,1,2
104,1,twitter,10,5,7,7,6
104,2,twitter,15,5,7,7,6
104,3,twitter,20,5,7,7,6
106,1,snapchat,0,2,3,5,3
106,1,snapchat,0,2,2,1,3
106,2,snapchat,1,2,3,5,3
106,2,snapchat,1,2,2,1,3
106,3,snapchat,0,2,3,5,3
106,3,snapchat,0,2,2,1,3
106,1,instagram,8,4,6,6,6
106,1,instagram,8,2,5,4,5
106,2,instagram,5,4,6,6,6
106,2,instagram,5,2,5,4,5
106,3,instagram,6,4,6,6,6
106,3,instagram,6,2,5,4,5
106,1,youtube,0,5,5,6,2
106,1,youtube,0,4,7,7,4
106,2,youtube,5,5,5,6,2
106,2,youtube,5,4,7,7,4
106,3,youtube,1,5,5,6,2
106,3,youtube,1,4,7,7,4
106,1,pinterest,1,5,4,6,2
106,1,pinterest,1,4,5,6,3
106,2,pinterest,0,5,4,6,2
106,2,pinterest,0,4,5,6,3
106,3,pinterest,1,5,4,6,2
106,3,pinterest,1,4,5,6,3
106,1,facebook,1,1,3,1,4
106,1,facebook,1,2,2,1,3
106,2,facebook,5,1,3,1,4
106,2,facebook,5,2,2,1,3
106,3,facebook,2,1,3,1,4
106,3,facebook,2,2,2,1,3
106,1,twitter,8,4,5,6,6
106,1,twitter,8,2,7,5,5
106,2,twitter,5,4,5,6,6
106,2,twitter,5,2,7,5,5
106,3,twitter,6,4,5,6,6
106,3,twitter,6,2,7,5,5
107,2,facebook,0,3,1,1,1
107,3,facebook,0,3,1,1,1
107,2,snapchat,0,3,1,4,2
107,3,snapchat,1,3,1,4,2
107,2,youtube,6,5,7,7,4
107,3,youtube,4,5,7,7,4
107,2,instagram,0,3,2,4,3
107,3,instagram,0,3,2,4,3
107,2,pinterest,2,5,5,6,4
107,3,pinterest,2,5,5,6,4
107,2,twitter,2,5,6,7,6
107,3,twitter,3,5,6,7,6
108,1,snapchat,4.3,4,5,6,4
108,2,snapchat,2,4,5,6,4
108,3,snapchat,4,4,5,6,4
108,1,instagram,11.5,2,6,7,4
108,2,instagram,11,2,6,7,4
108,3,instagram,13,2,6,7,4
108,1,pinterest,1,4,2,7,2
108,2,pinterest,0,4,2,7,2
108,3,pinterest,0,4,2,7,2
108,1,twitter,7.7,4,5,7,3
108,2,twitter,7,4,5,7,3
108,3,twitter,11,4,5,7,3
108,1,youtube,3.4,4,5,6,3
108,2,youtube,4,4,5,6,3
108,3,youtube,9,4,5,6,3
108,1,facebook,1,4,2,2,3
108,2,facebook,0,4,2,2,3
108,3,facebook,0,4,2,2,3
110,1,youtube,12,4,2,6,4
110,1,instagram,8,4,4,7,5
110,1,facebook,6,4,5,7,5
110,1,snapchat,6,4,6,7,6
110,1,pinterest,1,3,2,4,2
110,1,twitter,1,3,1,1,1
111,2,pinterest,0,3,1,4,1
111,2,instagram,2,4,4,5,3
111,2,youtube,3,4,6,6,4
111,2,twitter,0,3,1,4,1
111,2,snapchat,0,4,3,5,3
111,2,facebook,0,3,1,2,1
112,1,snapchat,2,5,6,6,5
112,2,snapchat,3,5,6,6,5
112,3,snapchat,4,5,6,6,5
112,1,instagram,3,4,6,5,5
112,2,instagram,3,4,6,5,5
112,3,instagram,3,4,6,5,5
112,1,facebook,0,2,1,2,1
112,2,facebook,0,2,1,2,1
112,3,facebook,0,2,1,2,1
112,1,twitter,5,5,7,7,6
112,2,twitter,7,5,7,7,6
112,3,twitter,9,5,7,7,6
112,1,youtube,5,4,7,6,3
112,2,youtube,5,4,7,6,3
112,3,youtube,5,4,7,6,3
112,1,pinterest,1,4,3,2,2
112,2,pinterest,0,4,3,2,2
112,3,pinterest,1,4,3,2,2
113,1,snapchat,0,3,1,1,1
113,2,snapchat,0,3,1,1,1
113,3,snapchat,0,3,1,1,1
113,1,facebook,0,4,2,5,2
113,2,facebook,0.2,4,2,5,2
113,3,facebook,0,4,2,5,2
113,1,twitter,0,3,1,1,1
113,2,twitter,0,3,1,1,1
113,3,twitter,0,3,1,1,1
113,1,instagram,14,4,7,6,4
113,2,instagram,15,4,7,6,4
113,3,instagram,15,4,7,6,4
113,1,pinterest,2,5,4,6,3
113,2,pinterest,0,5,4,6,3
113,3,pinterest,0,5,4,6,3
113,1,youtube,1,5,5,7,4
113,2,youtube,3,5,5,7,4
113,3,youtube,2,5,5,7,4
114,1,twitter,0,1,1,1,1
114,2,twitter,0,1,1,1,1
114,3,twitter,0,1,1,1,1
114,1,facebook,0,1,1,1,1
114,2,facebook,0,1,1,1,1
114,3,facebook,0,1,1,1,1
114,1,snapchat,7.6,5,6,7,6
114,2,snapchat,11.3,5,6,7,6
114,3,snapchat,8,5,6,7,6
114,1,instagram,1.2,5,5,7,5
114,2,instagram,2.3,5,5,7,5
114,3,instagram,5,5,5,7,5
114,1,pinterest,0,2,1,2,1
114,2,pinterest,0,2,1,2,1
114,3,pinterest,0,2,1,2,1
114,1,youtube,26,5,7,7,6
114,2,youtube,5,5,7,7,6
114,3,youtube,8,5,7,7,6
115,1,youtube,0,4,3,6,3
115,2,youtube,2,4,3,6,3
115,3,youtube,3,4,3,6,3
115,1,instagram,7,4,5,6,5
115,2,instagram,10,4,5,6,5
115,3,instagram,7,4,5,6,5
115,1,twitter,7,5,5,7,6
115,2,twitter,6,5,5,7,6
115,3,twitter,7,5,5,7,6
115,1,snapchat,7,4,4,5,6
115,2,snapchat,8,4,4,5,6
115,3,snapchat,7,4,4,5,6
115,1,facebook,0,1,1,1,1
115,2,facebook,0,1,1,1,1
115,3,facebook,0,1,1,1,1
115,1,pinterest,0,3,2,2,1
115,2,pinterest,0,3,2,2,1
115,3,pinterest,0,3,2,2,1
116,1,pinterest,0,3,1,4,1
116,2,pinterest,0,3,1,4,1
116,3,pinterest,0,3,1,4,1
116,1,youtube,20,4,2,6,3
116,2,youtube,2.19,4,2,6,3
116,3,youtube,0.2,4,2,6,3
116,1,instagram,20,4,3,6,6
116,2,instagram,10.8,4,3,6,6
116,3,instagram,4,4,3,6,6
116,1,twitter,20,4,4,6,6
116,2,twitter,2.11,4,4,6,6
116,3,twitter,0.3,4,4,6,6
116,1,snapchat,20,4,3,6,6
116,2,snapchat,8.5,4,3,6,6
116,3,snapchat,0.5,4,3,6,6
116,1,facebook,0.5,3,1,3,1
116,2,facebook,0,3,1,3,1
116,3,facebook,0,3,1,3,1
117,1,twitter,0,3,1,4,1
117,2,twitter,0,3,1,4,1
117,3,twitter,0,3,1,4,1
117,1,youtube,8,4,6,7,4
117,2,youtube,5,4,6,7,4
117,3,youtube,8,4,6,7,4
117,1,facebook,1,4,3,5,2
117,2,facebook,1,4,3,5,2
117,3,facebook,1,4,3,5,2
117,1,instagram,5,4,5,6,4
117,2,instagram,3,4,5,6,4
117,3,instagram,3,4,5,6,4
117,1,snapchat,5,4,6,7,4
117,2,snapchat,3,4,6,7,4
117,3,snapchat,5,4,6,7,4
117,1,pinterest,0,4,3,6,2
117,2,pinterest,0,4,3,6,2
117,3,pinterest,0,4,3,6,2
118,1,twitter,0,3,1,3,2
118,2,twitter,0,3,1,3,2
118,3,twitter,0,3,1,3,2
118,1,instagram,4,4,6,7,5
118,2,instagram,3,4,6,7,5
118,3,instagram,5,4,6,7,5
118,1,snapchat,2,4,6,6,5
118,2,snapchat,4,4,6,6,5
118,3,snapchat,4,4,6,6,5
118,1,youtube,2,4,6,7,5
118,2,youtube,0,4,6,7,5
118,3,youtube,3,4,6,7,5
118,1,facebook,1,4,3,6,5
118,2,facebook,1,4,3,6,5
118,3,facebook,2,4,3,6,5
118,1,pinterest,0,4,3,5,2
118,2,pinterest,1,4,3,5,2
118,3,pinterest,1,4,3,5,2
119,1,pinterest,1,5,4,6,2
119,3,pinterest,1,5,4,6,2
119,1,twitter,1,5,5,6,4
119,3,twitter,1,5,5,6,4
119,1,instagram,5,4,6,6,6
119,3,instagram,2,4,6,6,6
119,1,youtube,6,5,6,7,4
119,3,youtube,1,5,6,7,4
119,1,facebook,0,2,2,3,1
119,3,facebook,0,2,2,3,1
119,1,snapchat,19,5,7,7,6
119,3,snapchat,4,5,7,7,6
120,1,youtube,0,3,5,7,3
120,2,youtube,0,3,5,7,3
120,3,youtube,0,3,5,7,3
120,1,facebook,0,4,1,1,1
120,2,facebook,0,4,1,1,1
120,3,facebook,0,4,1,1,1
120,1,pinterest,0,5,3,7,3
120,2,pinterest,0,5,3,7,3
120,3,pinterest,0,5,3,7,3
120,1,snapchat,3,5,5,7,4
120,2,snapchat,3,5,5,7,4
120,3,snapchat,3,5,5,7,4
120,1,instagram,7,4,3,3,4
120,2,instagram,8,4,3,3,4
120,3,instagram,7,4,3,3,4
120,1,twitter,0,1,1,1,1
120,2,twitter,0,1,1,1,1
120,3,twitter,0,1,1,1,1
121,1,snapchat,0,3,1,4,1
121,2,snapchat,0,3,1,4,1
121,1,pinterest,0,3,2,4,1
121,2,pinterest,2,3,2,4,1
121,1,instagram,1,4,3,4,4
121,2,instagram,5,4,3,4,4
121,1,twitter,0,3,1,4,1
121,2,twitter,0,3,1,4,1
121,1,youtube,4,5,5,6,4
121,2,youtube,9,5,5,6,4
121,1,facebook,1,3,3,4,3
121,2,facebook,7,3,3,4,3
122,1,snapchat,0,3,1,4,1
122,2,snapchat,0,3,1,4,1
122,3,snapchat,0,3,1,4,1
122,1,facebook,0,3,1,4,2
122,2,facebook,1,3,1,4,2
122,3,facebook,1,3,1,4,2
122,1,instagram,24,3,4,4,6
122,2,instagram,4,3,4,4,6
122,3,instagram,3,3,4,4,6
122,1,pinterest,0,3,1,4,1
122,2,pinterest,0,3,1,4,1
122,3,pinterest,0,3,1,4,1
122,1,youtube,2,4,4,7,5
122,2,youtube,0,4,4,7,5
122,3,youtube,0,4,4,7,5
122,1,twitter,0,3,1,4,1
122,2,twitter,0,3,1,4,1
122,3,twitter,0,3,1,4,1
123,1,snapchat,0,3,2,2,3
123,2,snapchat,0,3,2,2,3
123,3,snapchat,0,3,2,2,3
123,1,twitter,0,3,2,2,3
123,2,twitter,0,3,2,2,3
123,3,twitter,0,3,2,2,3
123,1,instagram,0,3,2,2,3
123,2,instagram,0,3,2,2,3
123,3,instagram,0,3,2,2,3
123,1,pinterest,0,3,3,3,3
123,2,pinterest,2,3,3,3,3
123,3,pinterest,0,3,3,3,3
123,1,facebook,0,1,2,1,1
123,2,facebook,0,1,2,1,1
123,3,facebook,0,1,2,1,1
123,1,youtube,0,3,5,1,2
123,2,youtube,0,3,5,1,2
123,3,youtube,0,3,5,1,2
124,1,pinterest,0,5,2,6,1
124,1,instagram,2,3,3,5,4
124,1,facebook,0,3,1,3,1
124,1,snapchat,3,3,3,6,4
124,1,youtube,2,4,3,6,3
124,1,twitter,0,3,1,5,1
125,1,facebook,0,2,1,2,1
125,2,facebook,0,2,1,2,1
125,3,facebook,0,2,1,2,1
125,1,instagram,0,4,2,5,3
125,2,instagram,2,4,2,5,3
125,3,instagram,1,4,2,5,3
125,1,snapchat,2,4,3,5,3
125,2,snapchat,1,4,3,5,3
125,3,snapchat,2,4,3,5,3
125,1,pinterest,0,3,1,3,1
125,2,pinterest,0,3,1,3,1
125,3,pinterest,0,3,1,3,1
125,1,youtube,15,5,6,7,5
125,2,youtube,15,5,6,7,5
125,3,youtube,15,5,6,7,5
125,1,twitter,10,5,5,7,5
125,2,twitter,9,5,5,7,5
125,3,twitter,6,5,5,7,5
126,1,twitter,14,4,6,7,6
126,2,twitter,10,4,6,7,6
126,3,twitter,17,4,6,7,6
126,1,pinterest,0,4,2,5,3
126,2,pinterest,0,4,2,5,3
126,3,pinterest,0,4,2,5,3
126,1,instagram,4,4,5,6,6
126,2,instagram,5,4,5,6,6
126,3,instagram,8,4,5,6,6
126,1,facebook,0,3,2,4,3
126,2,facebook,0,3,2,4,3
126,3,facebook,1,3,2,4,3
126,1,snapchat,2,4,7,7,6
126,2,snapchat,3,4,7,7,6
126,3,snapchat,10,4,7,7,6
126,1,youtube,0,4,4,5,3
126,2,youtube,1,4,4,5,3
126,3,youtube,3,4,4,5,3
127,1,youtube,7,5,7,7,4
127,2,youtube,10,5,7,7,4
127,3,youtube,10,5,7,7,4
127,1,facebook,1,3,2,3,2
127,2,facebook,2,3,2,3,2
127,3,facebook,4,3,2,3,2
127,1,snapchat,5,5,7,7,4
127,2,snapchat,10,5,7,7,4
127,3,snapchat,10,5,7,7,4
127,1,instagram,6,5,5,7,5
127,2,instagram,8,5,5,7,5
127,3,instagram,10,5,5,7,5
127,1,pinterest,0,3,1,1,1
127,2,pinterest,0,3,1,1,1
127,3,pinterest,0,3,1,1,1
127,1,twitter,7,5,7,7,6
127,2,twitter,10,5,7,7,6
127,3,twitter,10,5,7,7,6
128,1,facebook,0,3,1,5,1
128,2,facebook,0,3,1,5,1
128,3,facebook,0,3,1,5,1
128,1,snapchat,10,3,7,5,4
128,2,snapchat,10,3,7,5,4
128,3,snapchat,20,3,7,5,4
128,1,youtube,0,3,3,5,1
128,2,youtube,0,3,3,5,1
128,3,youtube,0,3,3,5,1
128,1,pinterest,0,3,2,5,1
128,2,pinterest,0,3,2,5,1
128,3,pinterest,5,3,2,5,1
128,1,instagram,10,3,2,5,3
128,2,instagram,5,3,2,5,3
128,3,instagram,10,3,2,5,3
128,1,twitter,12,3,7,5,4
128,2,twitter,15,3,7,5,4
128,3,twitter,20,3,7,5,4
129,1,pinterest,0,3,1,5,1
129,2,pinterest,0,3,1,5,1
129,1,facebook,0,3,1,5,2
129,2,facebook,0,3,1,5,2
129,1,instagram,2,3,3,6,4
129,2,instagram,3,3,3,6,4
129,1,twitter,0,3,1,5,2
129,2,twitter,0,3,1,5,2
129,1,youtube,21,3,5,6,4
129,2,youtube,21,3,5,6,4
129,1,snapchat,0,3,3,6,2
129,2,snapchat,0,3,3,6,2
130,1,instagram,3,4,4,2,4
130,2,instagram,3,4,4,2,4
130,3,instagram,1,4,4,2,4
130,1,youtube,1,4,2,4,3
130,2,youtube,2,4,2,4,3
130,3,youtube,2,4,2,4,3
130,1,pinterest,0,4,1,1,1
130,2,pinterest,0,4,1,1,1
130,3,pinterest,0,4,1,1,1
130,1,snapchat,0,2,1,1,1
130,2,snapchat,0,2,1,1,1
130,3,snapchat,0,2,1,1,1
130,1,twitter,1,4,2,3,3
130,2,twitter,1,4,2,3,3
130,3,twitter,0,4,2,3,3
130,1,facebook,2,4,4,3,5
130,2,facebook,3,4,4,3,5
130,3,facebook,2,4,4,3,5
131,1,snapchat,0,3,1,4,1
131,2,snapchat,0,3,1,4,1
131,3,snapchat,0,3,1,4,1
131,1,facebook,7,4,5,4,4
131,2,facebook,4,4,5,4,4
131,3,facebook,6,4,5,4,4
131,1,twitter,0,3,1,4,1
131,2,twitter,0,3,1,4,1
131,3,twitter,0,3,1,4,1
131,1,instagram,7,4,4,4,4
131,2,instagram,4,4,4,4,4
131,3,instagram,6,4,4,4,4
131,1,youtube,0,3,2,4,2
131,2,youtube,1,3,2,4,2
131,3,youtube,1,3,2,4,2
131,1,pinterest,0,4,2,4,1
131,2,pinterest,0,4,2,4,1
131,3,pinterest,0,4,2,4,1
132,1,youtube,0,3,2,1,2
132,2,youtube,0,3,2,1,2
132,3,youtube,0,3,2,1,2
132,1,pinterest,0,4,2,4,2
132,2,pinterest,0,4,2,4,2
132,3,pinterest,0,4,2,4,2
132,1,snapchat,0,4,7,5,4
132,2,snapchat,0,4,7,5,4
132,3,snapchat,0,4,7,5,4
132,1,twitter,0,3,2,1,1
132,2,twitter,0,3,2,1,1
132,3,twitter,0,3,2,1,1
132,1,facebook,0,3,1,1,1
132,2,facebook,0,3,1,1,1
132,3,facebook,0,3,1,1,1
132,1,instagram,3,5,7,6,6
132,2,instagram,1,5,7,6,6
132,3,instagram,1,5,7,6,6
133,1,instagram,8,3,6,7,4
133,2,instagram,8,3,6,7,4
133,3,instagram,8,3,6,7,4
133,1,pinterest,0,3,1,3,1
133,2,pinterest,0,3,1,3,1
133,3,pinterest,0,3,1,3,1
133,1,snapchat,8,5,6,7,4
133,2,snapchat,2,5,6,7,4
133,3,snapchat,2,5,6,7,4
133,1,facebook,8,5,7,7,4
133,2,facebook,8,5,7,7,4
133,3,facebook,8,5,7,7,4
133,1,twitter,0,1,1,1,1
133,2,twitter,0,1,1,1,1
133,3,twitter,0,1,1,1,1
133,1,youtube,0,5,4,6,3
133,2,youtube,1,5,4,6,3
133,3,youtube,2,5,4,6,3
134,2,snapchat,7,5,3,7,6
134,3,snapchat,10,5,3,7,6
134,2,pinterest,0,4,1,5,1
134,3,pinterest,0,4,1,5,1
134,2,instagram,7,5,3,6,6
134,3,instagram,8,5,3,6,6
134,2,youtube,5,4,2,5,5
134,3,youtube,15,4,2,5,5
134,2,twitter,7,5,3,7,6
134,3,twitter,10,5,3,7,6
134,2,facebook,4,3,2,4,4
134,3,facebook,7,3,2,4,4
135,1,twitter,2,5,7,7,5
135,2,twitter,3,5,7,7,5
135,3,twitter,4,5,7,7,5
135,1,facebook,2,4,4,7,5
135,2,facebook,3,4,4,7,5
135,3,facebook,2,4,4,7,5
135,1,pinterest,0,1,1,1,1
135,2,pinterest,0,1,1,1,1
135,3,pinterest,0,1,1,1,1
135,1,snapchat,2,5,7,7,5
135,2,snapchat,3,5,7,7,5
135,3,snapchat,4,5,7,7,5
135,1,youtube,2,3,7,7,2
135,2,youtube,2,3,7,7,2
135,3,youtube,2,3,7,7,2
135,1,instagram,2,5,7,7,6
135,2,instagram,3,5,7,7,6
135,3,instagram,4,5,7,7,6
136,2,pinterest,0,3,1,3,1
136,3,pinterest,0,3,1,3,1
136,2,facebook,0,3,1,1,1
136,3,facebook,0,3,1,1,1
136,2,snapchat,0,3,2,2,1
136,3,snapchat,0,3,2,2,1
136,2,twitter,1,3,2,2,1
136,3,twitter,1,3,2,2,1
136,2,youtube,0,3,1,2,1
136,3,youtube,0,3,1,2,1
136,2,instagram,1,4,3,5,2
136,3,instagram,1,4,3,5,2
137,1,twitter,0,1,1,1,1
137,2,twitter,0,1,1,1,1
137,3,twitter,0,1,1,1,1
137,1,pinterest,7,4,6,6,3
137,2,pinterest,5,4,6,6,3
137,3,pinterest,1,4,6,6,3
137,1,facebook,0,2,1,2,1
137,2,facebook,0,2,1,2,1
137,3,facebook,0,2,1,2,1
137,1,instagram,8,2,5,5,4
137,2,instagram,4,2,5,5,4
137,3,instagram,5,2,5,5,4
137,1,snapchat,8,2,5,5,4
137,2,snapchat,4,2,5,5,4
137,3,snapchat,2,2,5,5,4
137,1,youtube,1,4,3,6,2
137,2,youtube,6,4,3,6,2
137,3,youtube,1,4,3,6,2
138,2,twitter,5,5,6,7,4
138,3,twitter,5,5,6,7,4
138,2,pinterest,3,5,6,7,3
138,3,pinterest,2,5,6,7,3
138,2,facebook,2,3,2,3,3
138,3,facebook,1,3,2,3,3
138,2,snapchat,0,2,1,1,1
138,3,snapchat,0,2,1,1,1
138,2,youtube,8,5,7,6,4
138,3,youtube,4,5,7,6,4
138,2,instagram,5,4,3,6,4
138,3,instagram,4,4,3,6,4
139,1,snapchat,0,4,5,5,4
139,2,snapchat,0,4,5,5,4
139,3,snapchat,0,4,5,5,4
139,1,instagram,1,4,5,6,6
139,2,instagram,0,4,5,6,6
139,3,instagram,1,4,5,6,6
139,1,facebook,0,5,3,7,5
139,2,facebook,1,5,3,7,5
139,3,facebook,0,5,3,7,5
139,1,youtube,4,4,7,6,6
139,2,youtube,3,4,7,6,6
139,3,youtube,2,4,7,6,6
139,1,twitter,2,4,7,6,6
139,2,twitter,1,4,7,6,6
139,3,twitter,1,4,7,6,6
139,1,pinterest,0,5,5,6,1
139,2,pinterest,0,5,5,6,1
139,3,pinterest,0,5,5,6,1
140,1,pinterest,0,4,4,6,4
140,2,pinterest,0,4,4,6,4
140,3,pinterest,0,4,4,6,4
140,1,youtube,0,4,5,6,4
140,2,youtube,0,4,5,6,4
140,3,youtube,0,4,5,6,4
140,1,instagram,3,4,5,6,6
140,2,instagram,3,4,5,6,6
140,3,instagram,3,4,5,6,6
140,1,snapchat,4,4,6,6,6
140,2,snapchat,5,4,6,6,6
140,3,snapchat,4,4,6,6,6
140,1,twitter,7,4,6,6,6
140,2,twitter,7,4,6,6,6
140,3,twitter,8,4,6,6,6
140,1,facebook,1,4,5,5,6
140,2,facebook,1,4,5,5,6
140,3,facebook,1,4,5,5,6
141,1,facebook,0,3,2,2,2
141,2,facebook,0,3,2,2,2
141,1,snapchat,6,5,6,7,6
141,2,snapchat,6,5,6,7,6
141,1,pinterest,0,4,3,6,3
141,2,pinterest,1,4,3,6,3
141,1,instagram,1,3,3,5,3
141,2,instagram,5,3,3,5,3
141,1,youtube,1,4,3,6,3
141,2,youtube,2,4,3,6,3
141,1,twitter,4,4,4,5,4
141,2,twitter,7,4,4,5,4
142,1,instagram,15,2,6,5,6
142,2,instagram,5,2,6,5,6
142,3,instagram,10,2,6,5,6
142,1,twitter,0,3,1,4,1
142,2,twitter,0,3,1,4,1
142,3,twitter,0,3,1,4,1
142,1,facebook,0,3,1,1,1
142,2,facebook,0,3,1,1,1
142,3,facebook,0,3,1,1,1
142,1,snapchat,15,2,6,6,6
142,2,snapchat,5,2,6,6,6
142,3,snapchat,15,2,6,6,6
142,1,pinterest,2,5,3,6,2
142,2,pinterest,0,5,3,6,2
142,3,pinterest,0,5,3,6,2
142,1,youtube,20,4,7,7,6
142,2,youtube,10,4,7,7,6
142,3,youtube,20,4,7,7,6
143,1,pinterest,0,3,2,5,2
143,2,pinterest,1,3,2,5,2
143,3,pinterest,0,3,2,5,2
143,1,youtube,1,4,4,6,3
143,2,youtube,1,4,4,6,3
143,3,youtube,3,4,4,6,3
143,1,snapchat,2,4,3,6,4
143,2,snapchat,1,4,3,6,4
143,3,snapchat,1,4,3,6,4
143,1,twitter,5,5,5,7,5
143,2,twitter,3,5,5,7,5
143,3,twitter,5,5,5,7,5
143,1,instagram,5,5,7,7,5
143,2,instagram,4,5,7,7,5
143,3,instagram,5,5,7,7,5
143,1,facebook,2,4,4,7,4
143,2,facebook,3,4,4,7,4
143,3,facebook,4,4,4,7,4
144,1,instagram,0,1,1,1,1
144,2,instagram,0,1,1,1,1
144,3,instagram,1,1,1,1,1
144,1,twitter,1,4,2,1,1
144,2,twitter,0,4,2,1,1
144,3,twitter,1,4,2,1,1
144,1,facebook,0.5,1,1,1,2
144,2,facebook,0,1,1,1,2
144,3,facebook,0,1,1,1,2
144,1,pinterest,0,5,1,1,1
144,2,pinterest,0,5,1,1,1
144,3,pinterest,0,5,1,1,1
144,1,snapchat,0,3,1,1,1
144,2,snapchat,0,3,1,1,1
144,3,snapchat,1,3,1,1,1
144,1,youtube,1,5,7,7,3
144,2,youtube,1,5,7,7,3
144,3,youtube,0,5,7,7,3
146,3,facebook,0,3,2,5,1
146,3,twitter,0,3,1,3,1
146,3,youtube,12,5,7,7,3
146,3,snapchat,4,5,6,7,4
146,3,instagram,5,5,5,6,4
146,3,pinterest,0,3,1,2,1
147,1,snapchat,7,4,7,7,4
147,1,instagram,8,4,7,7,6
147,1,twitter,8,2,7,7,5
147,1,facebook,0,3,1,7,1
147,1,youtube,5,5,7,7,3
147,1,pinterest,1,5,4,7,3
148,1,pinterest,0,3,1,4,1
148,2,pinterest,0,3,1,4,1
148,3,pinterest,0,3,1,4,1
148,1,snapchat,0,3,1,3,1
148,2,snapchat,0,3,1,3,1
148,3,snapchat,0,3,1,3,1
148,1,facebook,20,4,3,4,4
148,2,facebook,20,4,3,4,4
148,3,facebook,40,4,3,4,4
148,1,youtube,4,4,4,5,3
148,2,youtube,4,4,4,5,3
148,3,youtube,20,4,4,5,3
148,1,instagram,0,3,1,8,1
148,2,instagram,0,3,1,8,1
148,3,instagram,0,3,1,8,1
148,1,twitter,0,3,1,3,1
148,2,twitter,0,3,1,3,1
148,3,twitter,0,3,1,3,1
149,1,pinterest,13,5,7,7,6
149,2,pinterest,9,5,7,7,6
149,3,pinterest,16,5,7,7,6
149,1,youtube,13,5,7,7,6
149,2,youtube,15,5,7,7,6
149,3,youtube,13,5,7,7,6
149,1,twitter,5,4,6,6,5
149,2,twitter,5,4,6,6,5
149,3,twitter,7,4,6,6,5
149,1,snapchat,10,5,7,7,6
149,2,snapchat,13,5,7,7,6
149,3,snapchat,15,5,7,7,6
149,1,instagram,10,5,7,7,6
149,2,instagram,10,5,7,7,6
149,3,instagram,15,5,7,7,6
149,1,facebook,2,4,3,5,4
149,2,facebook,2,4,3,5,4
149,3,facebook,3,4,3,5,4
150,1,facebook,1,3,3,5,4
150,2,facebook,1,3,3,5,4
150,3,facebook,2,3,3,5,4
150,1,twitter,0,3,1,4,1
150,2,twitter,0,3,1,4,1
150,3,twitter,0,3,1,4,1
150,1,instagram,5,3,3,4,4
150,2,instagram,2,3,3,4,4
150,3,instagram,3,3,3,4,4
150,1,snapchat,2,3,3,4,4
150,2,snapchat,1,3,3,4,4
150,3,snapchat,1,3,3,4,4
150,1,pinterest,0,4,2,4,2
150,2,pinterest,0,4,2,4,2
150,3,pinterest,0,4,2,4,2
150,1,youtube,1,4,2,4,3
150,2,youtube,1,4,2,4,3
150,3,youtube,0,4,2,4,3
151,1,pinterest,0,3,2,4,5
151,2,pinterest,1,3,2,4,5
151,1,twitter,1,3,2,5,5
151,2,twitter,2,3,2,5,5
151,1,snapchat,2,3,2,6,6
151,2,snapchat,2,3,2,6,6
151,1,instagram,2,3,2,6,6
151,2,instagram,1,3,2,6,6
151,1,facebook,0,3,2,4,1
151,2,facebook,0,3,2,4,1
151,1,youtube,1,3,2,4,6
151,2,youtube,1,3,2,4,6
152,1,snapchat,8,4,5,6,6
152,2,snapchat,5,4,5,6,6
152,3,snapchat,4,4,5,6,6
152,1,pinterest,0,3,1,2,1
152,2,pinterest,0,3,1,2,1
152,3,pinterest,0,3,1,2,1
152,1,twitter,0,3,1,1,1
152,2,twitter,0,3,1,1,1
152,3,twitter,0,3,1,1,1
152,1,facebook,0,3,1,1,1
152,2,facebook,0,3,1,1,1
152,3,facebook,0,3,1,1,1
152,1,youtube,15,5,6,6,6
152,2,youtube,3,5,6,6,6
152,3,youtube,7,5,6,6,6
152,1,instagram,6,4,5,5,5
152,2,instagram,3,4,5,5,5
152,3,instagram,3,4,5,5,5
153,1,youtube,0,5,2,6,3
153,2,youtube,0,5,2,6,3
153,3,youtube,0,5,2,6,3
153,1,pinterest,0,5,7,7,6
153,2,pinterest,1,5,7,7,6
153,3,pinterest,1,5,7,7,6
153,1,facebook,0,4,1,4,1
153,2,facebook,0,4,1,4,1
153,3,facebook,0,4,1,4,1
153,1,snapchat,1,4,2,5,2
153,2,snapchat,0,4,2,5,2
153,3,snapchat,1,4,2,5,2
153,1,instagram,3,4,5,6,4
153,2,instagram,3,4,5,6,4
153,3,instagram,3,4,5,6,4
153,1,twitter,1,4,4,5,4
153,2,twitter,2,4,4,5,4
153,3,twitter,2,4,4,5,4
154,1,pinterest,0,3,1,1,1
154,2,pinterest,0,3,1,1,1
154,3,pinterest,0,3,1,1,1
154,1,instagram,1,5,5,7,6
154,2,instagram,1,5,5,7,6
154,3,instagram,2,5,5,7,6
154,1,facebook,0,3,1,1,2
154,2,facebook,0,3,1,1,2
154,3,facebook,0,3,1,1,2
154,1,youtube,3,5,6,7,4
154,2,youtube,4,5,6,7,4
154,3,youtube,4,5,6,7,4
154,1,snapchat,1,5,5,7,6
154,2,snapchat,1,5,5,7,6
154,3,snapchat,1,5,5,7,6
154,1,twitter,0,4,2,6,3
154,2,twitter,0,4,2,6,3
154,3,twitter,0,4,2,6,3
155,2,snapchat,0,3,1,1,1
155,3,snapchat,0,3,1,1,1
155,2,instagram,3,4,5,5,4
155,3,instagram,3,4,5,5,4
155,2,pinterest,0,3,1,1,1
155,3,pinterest,0,3,1,1,1
155,2,youtube,15,4,5,5,4
155,3,youtube,13,4,5,5,4
155,2,facebook,0,3,1,1,1
155,3,facebook,0,3,1,1,1
155,2,twitter,0,3,1,1,1
155,3,twitter,0,3,1,1,1
156,1,youtube,15,4,4,7,6
156,2,youtube,15,4,4,7,6
156,3,youtube,10,4,4,7,6
156,1,twitter,20,4,4,7,6
156,2,twitter,25,4,4,7,6
156,3,twitter,25,4,4,7,6
156,1,pinterest,5,4,2,5,2
156,2,pinterest,0,4,2,5,2
156,3,pinterest,0,4,2,5,2
156,1,snapchat,30,4,4,7,6
156,2,snapchat,30,4,4,7,6
156,3,snapchat,30,4,4,7,6
156,1,instagram,30,4,4,7,6
156,2,instagram,30,4,4,7,6
156,3,instagram,20,4,4,7,6
156,1,facebook,0,3,1,1,1
156,2,facebook,0,3,1,1,1
156,3,facebook,0,3,1,1,1
157,1,instagram,1,4,5,6,6
157,2,instagram,1,4,5,6,6
157,3,instagram,1,4,5,6,6
157,1,snapchat,1,4,4,6,5
157,2,snapchat,1,4,4,6,5
157,3,snapchat,1,4,4,6,5
157,1,youtube,0,5,4,7,3
157,2,youtube,0,5,4,7,3
157,3,youtube,0,5,4,7,3
157,1,pinterest,1,5,6,7,4
157,2,pinterest,1,5,6,7,4
157,3,pinterest,0,5,6,7,4
157,1,facebook,0,4,2,5,2
157,2,facebook,0,4,2,5,2
157,3,facebook,1,4,2,5,2
157,1,twitter,4,5,7,7,6
157,2,twitter,2,5,7,7,6
157,3,twitter,3,5,7,7,6
158,1,youtube,3,4,6,6,6
158,2,youtube,7,4,6,6,6
158,3,youtube,7,4,6,6,6
158,1,snapchat,1,2,2,3,4
158,2,snapchat,2,2,2,3,4
158,3,snapchat,1,2,2,3,4
158,1,facebook,0,2,1,1,1
158,2,facebook,0,2,1,1,1
158,3,facebook,0,2,1,1,1
158,1,pinterest,0,2,1,3,1
158,2,pinterest,0,2,1,3,1
158,3,pinterest,0,2,1,3,1
158,1,twitter,5,3,5,5,5
158,2,twitter,6,3,5,5,5
158,3,twitter,5,3,5,5,5
158,1,instagram,2,3,4,4,3
158,2,instagram,2,3,4,4,3
158,3,instagram,3,3,4,4,3
159,2,twitter,0,3,2,1,1
159,3,twitter,0,3,2,1,1
159,2,instagram,0,2,1,3,2
159,3,instagram,0,2,1,3,2
159,2,snapchat,0,3,1,1,2
159,3,snapchat,0,3,1,1,2
159,2,youtube,1,3,3,4,2
159,3,youtube,2,3,3,4,2
159,2,pinterest,1,4,4,6,3
159,3,pinterest,2,4,4,6,3
159,2,facebook,0,3,1,1,1
159,3,facebook,0,3,1,1,1
160,1,pinterest,3,5,6,7,3
160,2,pinterest,2,5,6,7,3
160,3,pinterest,3,5,6,7,3
160,1,youtube,10,1,7,6,6
160,2,youtube,7,1,7,6,6
160,3,youtube,6,1,7,6,6
160,1,instagram,9,2,4,3,6
160,2,instagram,5,2,4,3,6
160,3,instagram,6,2,4,3,6
160,1,snapchat,10,2,7,7,6
160,2,snapchat,5,2,7,7,6
160,3,snapchat,8,2,7,7,6
160,1,twitter,3,4,6,6,5
160,2,twitter,1,4,6,6,5
160,3,twitter,1,4,6,6,5
160,1,facebook,8,4,7,7,6
160,2,facebook,8,4,7,7,6
160,3,facebook,7,4,7,7,6
161,1,snapchat,6,5,6,6,4
161,2,snapchat,7,5,6,6,4
161,3,snapchat,6,5,6,6,4
161,1,pinterest,0,3,2,4,1
161,2,pinterest,0,3,2,4,1
161,3,pinterest,0,3,2,4,1
161,1,youtube,3,5,7,6,4
161,2,youtube,6,5,7,6,4
161,3,youtube,6,5,7,6,4
161,1,facebook,6,3,4,6,4
161,2,facebook,3,3,4,6,4
161,3,facebook,14,3,4,6,4
161,1,twitter,2,5,6,6,4
161,2,twitter,2,5,6,6,4
161,3,twitter,2,5,6,6,4
161,1,instagram,5,5,6,6,4
161,2,instagram,5,5,6,6,4
161,3,instagram,4,5,6,6,4
162,1,pinterest,1,4,5,5,3
162,2,pinterest,1,4,5,5,3
162,3,pinterest,0,4,5,5,3
162,1,instagram,6,4,5,6,4
162,2,instagram,4,4,5,6,4
162,3,instagram,9,4,5,6,4
162,1,youtube,10,5,7,7,4
162,2,youtube,5,5,7,7,4
162,3,youtube,5,5,7,7,4
162,1,facebook,0,3,2,4,2
162,2,facebook,1,3,2,4,2
162,3,facebook,0,3,2,4,2
162,1,twitter,3,4,3,5,4
162,2,twitter,1,4,3,5,4
162,3,twitter,3,4,3,5,4
162,1,snapchat,5,4,5,5,4
162,2,snapchat,3,4,5,5,4
162,3,snapchat,3,4,5,5,4
163,1,pinterest,3,5,6,7,3
163,2,pinterest,2,5,6,7,3
163,3,pinterest,0,5,6,7,3
163,1,snapchat,3,3,2,2,2
163,2,snapchat,1,3,2,2,2
163,3,snapchat,3,3,2,2,2
163,1,twitter,10,4,6,7,6
163,2,twitter,5,4,6,7,6
163,3,twitter,7,4,6,7,6
163,1,instagram,12,5,7,6,6
163,2,instagram,7,5,7,6,6
163,3,instagram,8,5,7,6,6
163,1,youtube,0.5,3,3,5,2
163,2,youtube,1,3,3,5,2
163,3,youtube,1,3,3,5,2
163,1,facebook,0,2,1,1,1
163,2,facebook,0,2,1,1,1
163,3,facebook,0,2,1,1,1
164,2,instagram,24,5,7,7,4
164,3,instagram,24,5,7,7,4
164,2,pinterest,12,5,4,7,4
164,3,pinterest,11,5,4,7,4
164,2,snapchat,8,3,4,6,4
164,3,snapchat,12,3,4,6,4
164,2,twitter,0,3,1,4,1
164,3,twitter,0,3,1,4,1
164,2,youtube,2,4,4,6,4
164,3,youtube,8,4,4,6,4
164,2,facebook,0,3,1,4,1
164,3,facebook,0,3,1,4,1
