,participant,week,platform,hrs_spent,op,percep,rec,use
0,1,1,twitter,0,2,1,5,6
1,1,2,twitter,0,2,1,5,6
2,1,3,twitter,0,2,1,5,6
3,1,1,youtube,5,2,7,2,2
4,1,2,youtube,5,2,7,2,2
5,1,3,youtube,10,2,7,2,2
6,1,1,pinterest,0,3,1,6,6
7,1,2,pinterest,0,3,1,6,6
8,1,3,pinterest,0,3,1,6,6
9,1,1,facebook,1,3,1,5,5
10,1,2,facebook,0,3,1,5,5
11,1,3,facebook,0,3,1,5,5
12,1,1,instagram,8,2,7,2,1
13,1,2,instagram,10,2,7,2,1
14,1,3,instagram,6,2,7,2,1
15,1,1,snapchat,8,2,7,2,1
16,1,2,snapchat,6,2,7,2,1
17,1,3,snapchat,8,2,7,2,1
18,2,1,pinterest,0,3,1,5,6
19,2,2,pinterest,0,3,1,5,6
20,2,3,pinterest,0,3,1,5,6
21,2,1,youtube,5,1,5,1,1
22,2,2,youtube,0,1,5,1,1
23,2,3,youtube,4,1,5,1,1
24,2,1,snapchat,1,2,4,1,1
25,2,2,snapchat,17,2,4,1,1
26,2,3,snapchat,10,2,4,1,1
27,2,1,facebook,5,2,2,4,2
28,2,2,facebook,0,2,2,4,2
29,2,3,facebook,1,2,2,4,2
30,2,1,instagram,10,1,5,1,1
31,2,2,instagram,17,1,5,1,1
32,2,3,instagram,24,1,5,1,1
33,2,1,twitter,1,1,6,1,1
34,2,2,twitter,1,1,6,1,1
35,2,3,twitter,1,1,6,1,1
36,3,1,snapchat,10,4,5,3,1
37,3,2,snapchat,3,4,5,3,1
38,3,3,snapchat,5,4,5,3,1
39,3,1,youtube,20,4,7,1,1
40,3,2,youtube,10,4,7,1,1
41,3,3,youtube,10,4,7,1,1
42,3,1,instagram,3,3,4,4,3
43,3,2,instagram,2,3,4,4,3
44,3,3,instagram,1,3,4,4,3
45,3,1,pinterest,0,3,1,7,6
46,3,2,pinterest,0,3,1,7,6
47,3,3,pinterest,0,3,1,7,6
48,3,1,facebook,0,5,1,7,6
49,3,2,facebook,0,5,1,7,6
50,3,3,facebook,0,5,1,7,6
51,3,1,twitter,2,2,4,2,4
52,3,2,twitter,1,2,4,2,4
53,3,3,twitter,0,2,4,2,4
54,4,1,instagram,15,2,7,1,1
55,4,2,instagram,21,2,7,1,1
56,4,3,instagram,23,2,7,1,1
57,4,1,twitter,0,2,3,1,3
58,4,2,twitter,2,2,3,1,3
59,4,3,twitter,2,2,3,1,3
60,4,1,facebook,1,3,3,3,4
61,4,2,facebook,1,3,3,3,4
62,4,3,facebook,5,3,3,3,4
63,4,1,pinterest,0,3,1,5,5
64,4,2,pinterest,0,3,1,5,5
65,4,3,pinterest,16,3,1,5,5
66,4,1,youtube,11,3,7,3,1
67,4,2,youtube,14,3,7,3,1
68,4,3,youtube,20,3,7,3,1
69,4,1,snapchat,10,2,5,1,1
70,4,2,snapchat,20,2,5,1,1
71,4,3,snapchat,20,2,5,1,1
72,5,1,twitter,13,1,5,1,3
73,5,2,twitter,5,1,5,1,3
74,5,3,twitter,3,1,5,1,3
75,5,1,pinterest,0,3,1,4,6
76,5,2,pinterest,0,3,1,4,6
77,5,3,pinterest,0,3,1,4,6
78,5,1,youtube,8,1,6,1,3
79,5,2,youtube,11,1,6,1,3
80,5,3,youtube,6,1,6,1,3
81,5,1,instagram,3,2,3,3,3
82,5,2,instagram,2,2,3,3,3
83,5,3,instagram,1,2,3,3,3
84,5,1,facebook,0,3,1,4,6
85,5,2,facebook,0,3,1,4,6
86,5,3,facebook,0,3,1,4,6
87,5,1,snapchat,19,1,5,1,2
88,5,2,snapchat,3,1,5,1,2
89,5,3,snapchat,3,1,5,1,2
90,6,1,facebook,0,2,3,7,5
91,6,2,facebook,0,2,3,7,5
92,6,3,facebook,0,2,3,7,5
93,6,1,pinterest,0,2,2,6,6
94,6,2,pinterest,0,2,2,6,6
95,6,3,pinterest,0,2,2,6,6
96,6,1,twitter,0,4,1,7,6
97,6,2,twitter,0,4,1,7,6
98,6,3,twitter,0,4,1,7,6
99,6,1,youtube,5,1,5,1,3
100,6,2,youtube,5,1,5,1,3
101,6,3,youtube,3,1,5,1,3
102,6,1,snapchat,0,4,1,7,6
103,6,2,snapchat,0,4,1,7,6
104,6,3,snapchat,0,4,1,7,6
105,6,1,instagram,8,2,3,3,2
106,6,2,instagram,4.5,2,3,3,2
107,6,3,instagram,3,2,3,3,2
108,7,1,snapchat,0,3,1,5,6
109,7,2,snapchat,0,3,1,5,6
110,7,3,snapchat,0,3,1,5,6
111,7,1,pinterest,1,3,2,1,4
112,7,2,pinterest,1,3,2,1,4
113,7,3,pinterest,1,3,2,1,4
114,7,1,twitter,1,3,2,3,3
115,7,2,twitter,1,3,2,3,3
116,7,3,twitter,1,3,2,3,3
117,7,1,facebook,1,3,2,3,4
118,7,2,facebook,1,3,2,3,4
119,7,3,facebook,1,3,2,3,4
120,7,1,instagram,2,3,2,3,3
121,7,2,instagram,1,3,2,3,3
122,7,3,instagram,1,3,2,3,3
123,7,1,youtube,1,3,2,3,4
124,7,2,youtube,2,3,2,3,4
125,7,3,youtube,1,3,2,3,4
126,8,1,snapchat,10,1,6,2,3
127,8,2,snapchat,30,1,6,2,3
128,8,3,snapchat,35,1,6,2,3
129,8,1,pinterest,0,3,1,7,6
130,8,2,pinterest,0,3,1,7,6
131,8,3,pinterest,0,3,1,7,6
132,8,1,twitter,0,3,1,4,6
133,8,2,twitter,0,3,1,4,6
134,8,3,twitter,0,3,1,4,6
135,8,1,facebook,0,4,1,7,6
136,8,2,facebook,0,4,1,7,6
137,8,3,facebook,0,4,1,7,6
138,8,1,instagram,20,1,7,1,1
139,8,2,instagram,40,1,7,1,1
140,8,3,instagram,40,1,7,1,1
141,8,1,youtube,5,2,6,2,4
142,8,2,youtube,5,2,6,2,4
143,8,3,youtube,2,2,6,2,4
144,9,2,youtube,10,2,5,2,1
145,9,2,twitter,1,2,4,2,1
146,9,2,snapchat,1,3,5,2,1
147,9,2,instagram,3,1,5,2,1
148,9,2,pinterest,1,1,7,1,1
149,9,2,facebook,2,2,4,2,2
150,10,1,instagram,15,1,4,2,3
151,10,2,instagram,15,1,4,2,3
152,10,3,instagram,12,1,4,2,3
153,10,1,snapchat,20,1,7,2,1
154,10,2,snapchat,20,1,7,2,1
155,10,3,snapchat,10,1,7,2,1
156,10,1,youtube,15,1,7,2,1
157,10,2,youtube,10,1,7,2,1
158,10,3,youtube,8,1,7,2,1
159,10,1,facebook,0,5,1,6,6
160,10,2,facebook,0,5,1,6,6
161,10,3,facebook,0,5,1,6,6
162,10,1,pinterest,1,1,3,2,4
163,10,2,pinterest,4,1,3,2,4
164,10,3,pinterest,6,1,3,2,4
165,10,1,twitter,0,3,1,5,6
166,10,2,twitter,0,3,1,5,6
167,10,3,twitter,0,3,1,5,6
168,11,1,instagram,0,2,1,6,6
169,11,2,instagram,0,2,1,6,6
170,11,3,instagram,0,2,1,6,6
171,11,1,pinterest,0,3,1,6,6
172,11,2,pinterest,0,3,1,6,6
173,11,3,pinterest,0,3,1,6,6
174,11,1,snapchat,0,3,1,7,6
175,11,2,snapchat,0,3,1,7,6
176,11,3,snapchat,0,3,1,7,6
177,11,1,twitter,0,2,1,6,6
178,11,2,twitter,0,2,1,6,6
179,11,3,twitter,1,2,1,6,6
180,11,1,youtube,0,1,7,1,3
181,11,2,youtube,1,1,7,1,3
182,11,3,youtube,1,1,7,1,3
183,11,1,facebook,1,2,4,3,3
184,11,2,facebook,1,2,4,3,3
185,11,3,facebook,2,2,4,3,3
186,12,2,snapchat,8,1,7,1,1
187,12,2,pinterest,0,3,1,7,6
188,12,2,youtube,20,1,7,1,1
189,12,2,instagram,8,1,7,1,1
190,12,2,twitter,0,3,1,7,6
191,12,2,facebook,0,5,1,7,6
192,13,1,twitter,0,4,7,6,6
193,13,2,twitter,0,4,7,6,6
194,13,1,instagram,2,1,3,1,1
195,13,2,instagram,2,1,3,1,1
196,13,1,facebook,0,3,7,4,6
197,13,2,facebook,0,3,7,4,6
198,13,1,snapchat,1,3,3,4,1
199,13,2,snapchat,2,3,3,4,1
200,13,1,youtube,3,2,1,1,1
201,13,2,youtube,5,2,1,1,1
202,13,1,pinterest,0,2,6,3,6
203,13,2,pinterest,0,2,6,3,6
204,14,1,twitter,0,3,1,4,6
205,14,2,twitter,0,3,1,4,6
206,14,3,twitter,0,3,1,4,6
207,14,1,instagram,3,2,4,1,1
208,14,2,instagram,3,2,4,1,1
209,14,3,instagram,2,2,4,1,1
210,14,1,facebook,0,5,1,7,6
211,14,2,facebook,0,5,1,7,6
212,14,3,facebook,0,5,1,7,6
213,14,1,pinterest,0,1,2,4,5
214,14,2,pinterest,0,1,2,4,5
215,14,3,pinterest,0,1,2,4,5
216,14,1,youtube,0,3,2,4,5
217,14,2,youtube,0,3,2,4,5
218,14,3,youtube,0,3,2,4,5
219,14,1,snapchat,5,1,4,1,1
220,14,2,snapchat,5,1,4,1,1
221,14,3,snapchat,1,1,4,1,1
222,15,1,pinterest,1,1,3,3,4
223,15,2,pinterest,1,1,3,3,4
224,15,3,pinterest,0,1,3,3,4
225,15,1,instagram,3,2,5,3,3
226,15,2,instagram,3,2,5,3,3
227,15,3,instagram,3,2,5,3,3
228,15,1,snapchat,3,1,7,1,1
229,15,2,snapchat,3,1,7,1,1
230,15,3,snapchat,3,1,7,1,1
231,15,1,youtube,3,1,7,1,2
232,15,2,youtube,3,1,7,1,2
233,15,3,youtube,3,1,7,1,2
234,15,1,facebook,3,1,7,1,1
235,15,2,facebook,3,1,7,1,1
236,15,3,facebook,3,1,7,1,1
237,15,1,twitter,0,3,1,4,6
238,15,2,twitter,1,3,1,4,6
239,15,3,twitter,1,3,1,4,6
240,16,2,twitter,2,1,6,1,2
241,16,3,twitter,2.5,1,6,1,2
242,16,2,instagram,1,4,7,2,1
243,16,3,instagram,3,4,7,2,1
244,16,2,youtube,2,2,4,3,4
245,16,3,youtube,1.5,2,4,3,4
246,16,2,snapchat,3,2,5,3,3
247,16,3,snapchat,3,2,5,3,3
248,16,2,facebook,0,3,2,4,5
249,16,3,facebook,1.5,3,2,4,5
250,16,2,pinterest,1,2,5,2,4
251,16,3,pinterest,0,2,5,2,4
252,17,1,twitter,1,2,3,2,3
253,17,2,twitter,1,2,3,2,3
254,17,3,twitter,1,2,3,2,3
255,17,1,pinterest,0,2,2,3,5
256,17,2,pinterest,0,2,2,3,5
257,17,3,pinterest,0,2,2,3,5
258,17,1,instagram,8,4,5,3,1
259,17,2,instagram,2,4,5,3,1
260,17,3,instagram,1,4,5,3,1
261,17,1,facebook,0,2,2,3,4
262,17,2,facebook,0,2,2,3,4
263,17,3,facebook,0,2,2,3,4
264,17,1,youtube,5,1,6,1,1
265,17,2,youtube,1,1,6,1,1
266,17,3,youtube,0,1,6,1,1
267,17,1,snapchat,2,4,5,3,1
268,17,2,snapchat,0,4,5,3,1
269,17,3,snapchat,0,4,5,3,1
270,18,1,twitter,1,2,4,2,4
271,18,2,twitter,1,2,4,2,4
272,18,3,twitter,1,2,4,2,4
273,18,1,instagram,1,1,5,1,4
274,18,2,instagram,1,1,5,1,4
275,18,3,instagram,1,1,5,1,4
276,18,1,pinterest,0,3,1,4,6
277,18,2,pinterest,0,3,1,4,6
278,18,3,pinterest,0,3,1,4,6
279,18,1,youtube,8,1,6,1,3
280,18,2,youtube,10,1,6,1,3
281,18,3,youtube,11,1,6,1,3
282,18,1,facebook,1,1,4,2,4
283,18,2,facebook,1,1,4,2,4
284,18,3,facebook,1,1,4,2,4
285,18,1,snapchat,0,3,1,4,6
286,18,2,snapchat,0,3,1,4,6
287,18,3,snapchat,0,3,1,4,6
288,19,2,instagram,47,2,6,1,1
289,19,3,instagram,32,2,6,1,1
290,19,2,twitter,0,3,1,7,6
291,19,3,twitter,0,3,1,7,6
292,19,2,youtube,1,3,1,7,6
293,19,3,youtube,0,3,1,7,6
294,19,2,facebook,0,3,1,7,6
295,19,3,facebook,0,3,1,7,6
296,19,2,pinterest,2,2,2,1,5
297,19,3,pinterest,0,2,2,1,5
298,19,2,snapchat,26,0,7,1,1
299,19,3,snapchat,26,0,7,1,1
300,20,1,snapchat,2,3,5,2,2
301,20,2,snapchat,3,3,5,2,2
302,20,3,snapchat,3,3,5,2,2
303,20,1,instagram,1,3,2,4,3
304,20,2,instagram,1,3,2,4,3
305,20,3,instagram,1,3,2,4,3
306,20,1,pinterest,0,3,1,7,6
307,20,2,pinterest,0,3,1,7,6
308,20,3,pinterest,0,3,1,7,6
309,20,1,youtube,0,3,3,4,3
310,20,2,youtube,2,3,3,4,3
311,20,3,youtube,0,3,3,4,3
312,20,1,facebook,0,3,1,7,6
313,20,2,facebook,0,3,1,7,6
314,20,3,facebook,0,3,1,7,6
315,20,1,twitter,0,3,1,7,6
316,20,2,twitter,0,3,1,7,6
317,20,3,twitter,0,3,1,7,6
318,21,1,pinterest,0,1,4,3,5
319,21,2,pinterest,0,1,4,3,5
320,21,3,pinterest,0,1,4,3,5
321,21,1,instagram,3,2,5,3,1
322,21,2,instagram,19,2,5,3,1
323,21,3,instagram,14,2,5,3,1
324,21,1,snapchat,1,2,5,3,1
325,21,2,snapchat,5,2,5,3,1
326,21,3,snapchat,4,2,5,3,1
327,21,1,youtube,2,1,6,2,1
328,21,2,youtube,4,1,6,2,1
329,21,3,youtube,2,1,6,2,1
330,21,1,twitter,0,1,7,2,1
331,21,2,twitter,4,1,7,2,1
332,21,3,twitter,7,1,7,2,1
333,21,1,facebook,0,3,3,4,3
334,21,2,facebook,2,3,3,4,3
335,21,3,facebook,4,3,3,4,3
336,22,2,instagram,3,2,3,3,4
337,22,3,instagram,6,2,3,3,4
338,22,2,twitter,0,4,1,5,6
339,22,3,twitter,0,4,1,5,6
340,22,2,pinterest,0,5,1,6,6
341,22,3,pinterest,0,5,1,6,6
342,22,2,snapchat,1,1,6,3,2
343,22,3,snapchat,2,1,6,3,2
344,22,2,facebook,0,4,2,5,5
345,22,3,facebook,0,4,2,5,5
346,22,2,youtube,15,1,7,1,1
347,22,3,youtube,8,1,7,1,1
348,23,1,twitter,2,1,5,2,1
349,23,2,twitter,2,1,5,2,1
350,23,3,twitter,2,1,5,2,1
351,23,1,snapchat,0,4,2,4,3
352,23,2,snapchat,1,4,2,4,3
353,23,3,snapchat,0,4,2,4,3
354,23,1,instagram,1,2,5,2,1
355,23,2,instagram,2,2,5,2,1
356,23,3,instagram,2,2,5,2,1
357,23,1,facebook,0,4,2,4,5
358,23,2,facebook,0,4,2,4,5
359,23,3,facebook,0,4,2,4,5
360,23,1,youtube,3,2,4,1,2
361,23,2,youtube,5,2,4,1,2
362,23,3,youtube,6,2,4,1,2
363,23,1,pinterest,1,1,7,2,1
364,23,2,pinterest,2,1,7,2,1
365,23,3,pinterest,1,1,7,2,1
366,24,1,facebook,0,3,1,7,6
367,24,2,facebook,0,3,1,7,6
368,24,3,facebook,0,3,1,7,6
369,24,1,twitter,0,3,1,7,6
370,24,2,twitter,0,3,1,7,6
371,24,3,twitter,0,3,1,7,6
372,24,1,snapchat,0,3,1,7,6
373,24,2,snapchat,0,3,1,7,6
374,24,3,snapchat,0,3,1,7,6
375,24,1,pinterest,0,3,1,7,6
376,24,2,pinterest,0,3,1,7,6
377,24,3,pinterest,0,3,1,7,6
378,24,1,youtube,15,2,6,2,3
379,24,2,youtube,30,2,6,2,3
380,24,3,youtube,30,2,6,2,3
381,24,1,instagram,0,3,1,7,6
382,24,2,instagram,0,3,1,7,6
383,24,3,instagram,0,3,1,7,6
384,25,1,snapchat,10,3,3,1,2
385,25,2,snapchat,20,3,3,1,2
386,25,3,snapchat,5,3,3,1,2
387,25,1,facebook,20,3,4,1,1
388,25,2,facebook,20,3,4,1,1
389,25,3,facebook,5,3,4,1,1
390,25,1,pinterest,0,2,2,2,6
391,25,2,pinterest,0,2,2,2,6
392,25,3,pinterest,0,2,2,2,6
393,25,1,instagram,20,3,4,1,1
394,25,2,instagram,20,3,4,1,1
395,25,3,instagram,5,3,4,1,1
396,25,1,twitter,0,3,1,7,6
397,25,2,twitter,0,3,1,7,6
398,25,3,twitter,0,3,1,7,6
399,25,1,youtube,5,2,3,1,5
400,25,2,youtube,20,2,3,1,5
401,25,3,youtube,5,2,3,1,5
402,26,1,snapchat,0,2,1,4,5
403,26,2,snapchat,0,2,1,4,5
404,26,3,snapchat,0,2,1,4,5
405,26,1,facebook,0,3,1,4,5
406,26,2,facebook,0,3,1,4,5
407,26,3,facebook,0,3,1,4,5
408,26,1,twitter,0,2,1,4,6
409,26,2,twitter,0,2,1,4,6
410,26,3,twitter,1,2,1,4,6
411,26,1,youtube,1,2,3,2,3
412,26,2,youtube,2,2,3,2,3
413,26,3,youtube,8,2,3,2,3
414,26,1,instagram,5,2,5,1,1
415,26,2,instagram,5,2,5,1,1
416,26,3,instagram,1,2,5,1,1
417,26,1,pinterest,0,3,1,4,6
418,26,2,pinterest,0,3,1,4,6
419,26,3,pinterest,0,3,1,4,6
420,27,1,snapchat,0,4,1,7,6
421,27,2,snapchat,0,4,1,7,6
422,27,3,snapchat,0,4,1,7,6
423,27,1,twitter,0,4,1,3,6
424,27,2,twitter,0,4,1,3,6
425,27,3,twitter,0,4,1,3,6
426,27,1,instagram,0,4,1,7,6
427,27,2,instagram,0,4,1,7,6
428,27,3,instagram,0,4,1,7,6
429,27,1,pinterest,0,3,1,7,6
430,27,2,pinterest,0,3,1,7,6
431,27,3,pinterest,0,3,1,7,6
432,27,1,facebook,0,3,2,4,6
433,27,2,facebook,0,3,2,4,6
434,27,3,facebook,0,3,2,4,6
435,27,1,youtube,34,1,7,1,1
436,27,2,youtube,112,1,7,1,1
437,27,3,youtube,91,1,7,1,1
438,28,1,youtube,6,2,5,1,3
439,28,2,youtube,0,2,5,1,3
440,28,3,youtube,4,2,5,1,3
441,28,1,pinterest,0,3,1,7,6
442,28,2,pinterest,0,3,1,7,6
443,28,3,pinterest,0,3,1,7,6
444,28,1,snapchat,12,1,6,1,3
445,28,2,snapchat,5,1,6,1,3
446,28,3,snapchat,9,1,6,1,3
447,28,1,twitter,9,1,4,1,3
448,28,2,twitter,2,1,4,1,3
449,28,3,twitter,5,1,4,1,3
450,28,1,instagram,10,1,4,1,3
451,28,2,instagram,7,1,4,1,3
452,28,3,instagram,10,1,4,1,3
453,28,1,facebook,0,3,1,4,6
454,28,2,facebook,0,3,1,4,6
455,28,3,facebook,0,3,1,4,6
456,29,1,facebook,0,3,1,4,6
457,29,2,facebook,0,3,1,4,6
458,29,3,facebook,0,3,1,4,6
459,29,1,pinterest,0,3,1,4,6
460,29,2,pinterest,0,3,1,4,6
461,29,3,pinterest,0,3,1,4,6
462,29,1,snapchat,5,2,6,2,2
463,29,2,snapchat,3,2,6,2,2
464,29,3,snapchat,4,2,6,2,2
465,29,1,instagram,9,2,6,2,2
466,29,2,instagram,7,2,6,2,2
467,29,3,instagram,4,2,6,2,2
468,29,1,youtube,8,2,5,2,2
469,29,2,youtube,5,2,5,2,2
470,29,3,youtube,4,2,5,2,2
471,29,1,twitter,1,3,2,5,4
472,29,2,twitter,1,3,2,5,4
473,29,3,twitter,1,3,2,5,4
474,30,1,snapchat,0,4,1,5,6
475,30,2,snapchat,0,4,1,5,6
476,30,3,snapchat,0,4,1,5,6
477,30,1,youtube,18,5,2,3,6
478,30,2,youtube,14,5,2,3,6
479,30,3,youtube,12,5,2,3,6
480,30,1,instagram,0,3,1,5,6
481,30,2,instagram,0,3,1,5,6
482,30,3,instagram,0,3,1,5,6
483,30,1,twitter,0,3,1,4,6
484,30,2,twitter,0,3,1,4,6
485,30,3,twitter,0,3,1,4,6
486,30,1,facebook,0,3,1,4,6
487,30,2,facebook,0,3,1,4,6
488,30,3,facebook,0,3,1,4,6
489,30,1,pinterest,0,3,1,4,5
490,30,2,pinterest,0,3,1,4,5
491,30,3,pinterest,0,3,1,4,5
492,31,1,facebook,0,5,1,7,6
493,31,2,facebook,0,5,1,7,6
494,31,3,facebook,0,5,1,7,6
495,31,1,snapchat,0,4,1,7,6
496,31,2,snapchat,0,4,1,7,6
497,31,3,snapchat,0,4,1,7,6
498,31,1,instagram,0,3,2,3,5
499,31,2,instagram,1,3,2,3,5
500,31,3,instagram,0,3,2,3,5
501,31,1,pinterest,0,2,2,3,5
502,31,2,pinterest,0,2,2,3,5
503,31,3,pinterest,0,2,2,3,5
504,31,1,youtube,7,3,6,3,1
505,31,2,youtube,7,3,6,3,1
506,31,3,youtube,3,3,6,3,1
507,31,1,twitter,14,3,5,3,1
508,31,2,twitter,8,3,5,3,1
509,31,3,twitter,14,3,5,3,1
510,32,1,facebook,0,3,1,4,6
511,32,2,facebook,0,3,1,4,6
512,32,3,facebook,0,3,1,4,6
513,32,1,twitter,0,3,1,7,6
514,32,2,twitter,0,3,1,7,6
515,32,3,twitter,0,3,1,7,6
516,32,1,youtube,20,1,7,1,1
517,32,2,youtube,6,1,7,1,1
518,32,3,youtube,3,1,7,1,1
519,32,1,instagram,20,2,6,1,1
520,32,2,instagram,7,2,6,1,1
521,32,3,instagram,4,2,6,1,1
522,32,1,snapchat,3,3,6,3,4
523,32,2,snapchat,3,3,6,3,4
524,32,3,snapchat,2,3,6,3,4
525,32,1,pinterest,5,1,6,1,3
526,32,2,pinterest,2,1,6,1,3
527,32,3,pinterest,1,1,6,1,3
528,33,3,snapchat,25,2,5,2,1
529,33,3,pinterest,0,4,3,4,5
530,33,3,instagram,25,1,4,2,1
531,33,3,facebook,0,4,2,3,3
532,33,3,youtube,3,2,5,3,1
533,33,3,twitter,0,4,4,2,1
534,34,2,youtube,3,2,4,3,3
535,34,3,youtube,5,2,4,3,3
536,34,2,snapchat,3,3,2,4,4
537,34,3,snapchat,0,3,2,4,4
538,34,2,twitter,0,3,1,4,6
539,34,3,twitter,0,3,1,4,6
540,34,2,instagram,6,4,4,3,3
541,34,3,instagram,7,4,4,3,3
542,34,2,facebook,0,3,1,4,6
543,34,3,facebook,0,3,1,4,6
544,34,2,pinterest,0,2,4,2,4
545,34,3,pinterest,1,2,4,2,4
546,35,1,twitter,0,3,1,7,6
547,35,2,twitter,0,3,1,7,6
548,35,3,twitter,0,3,1,7,6
549,35,1,pinterest,5,1,5,2,3
550,35,2,pinterest,9,1,5,2,3
551,35,3,pinterest,7,1,5,2,3
552,35,1,youtube,2,2,2,2,3
553,35,2,youtube,8,2,2,2,3
554,35,3,youtube,0,2,2,2,3
555,35,1,facebook,2,2,5,2,3
556,35,2,facebook,3,2,5,2,3
557,35,3,facebook,1,2,5,2,3
558,35,1,snapchat,3,1,5,2,3
559,35,2,snapchat,6,1,5,2,3
560,35,3,snapchat,4,1,5,2,3
561,35,1,instagram,3,1,5,3,3
562,35,2,instagram,3,1,5,3,3
563,35,3,instagram,2,1,5,3,3
564,36,1,facebook,2,3,4,3,4
565,36,2,facebook,5,3,4,3,4
566,36,3,facebook,5,3,4,3,4
567,36,1,instagram,3,3,4,4,4
568,36,2,instagram,5,3,4,4,4
569,36,3,instagram,5,3,4,4,4
570,36,1,twitter,0,4,1,7,6
571,36,2,twitter,0,4,1,7,6
572,36,3,twitter,0,4,1,7,6
573,36,1,pinterest,0,3,2,3,5
574,36,2,pinterest,1,3,2,3,5
575,36,3,pinterest,0,3,2,3,5
576,36,1,youtube,0,3,5,1,4
577,36,2,youtube,1,3,5,1,4
578,36,3,youtube,1,3,5,1,4
579,36,1,snapchat,1,3,4,1,4
580,36,2,snapchat,1,3,4,1,4
581,36,3,snapchat,0,3,4,1,4
582,37,1,snapchat,1,2,6,2,1
583,37,2,snapchat,1,2,6,2,1
584,37,3,snapchat,1,2,6,2,1
585,37,1,pinterest,0,3,1,7,6
586,37,2,pinterest,0,3,1,7,6
587,37,3,pinterest,0,3,1,7,6
588,37,1,facebook,1,4,5,2,4
589,37,2,facebook,1,4,5,2,4
590,37,3,facebook,1,4,5,2,4
591,37,1,twitter,0,3,1,4,6
592,37,2,twitter,0,3,1,4,6
593,37,3,twitter,0,3,1,4,6
594,37,1,instagram,3,2,6,2,1
595,37,2,instagram,2,2,6,2,1
596,37,3,instagram,1,2,6,2,1
597,37,1,youtube,2,3,6,2,3
598,37,2,youtube,0,3,6,2,3
599,37,3,youtube,0,3,6,2,3
600,38,1,instagram,0,4,1,7,6
601,38,2,instagram,0,4,1,7,6
602,38,3,instagram,0,4,1,7,6
603,38,1,youtube,20,1,7,1,1
604,38,2,youtube,9,1,7,1,1
605,38,3,youtube,9,1,7,1,1
606,38,1,snapchat,0,2,2,7,5
607,38,2,snapchat,0,2,2,7,5
608,38,3,snapchat,0,2,2,7,5
609,38,1,pinterest,0,4,1,7,6
610,38,2,pinterest,0,4,1,7,6
611,38,3,pinterest,0,4,1,7,6
612,38,1,facebook,0,2,1,5,5
613,38,2,facebook,0,2,1,5,5
614,38,3,facebook,0,2,1,5,5
615,38,1,twitter,6,1,7,1,1
616,38,2,twitter,4,1,7,1,1
617,38,3,twitter,2,1,7,1,1
618,39,1,youtube,3,1,3,1,4
619,39,2,youtube,2,1,3,1,4
620,39,3,youtube,0,1,3,1,4
621,39,1,twitter,6,1,7,1,3
622,39,2,twitter,9,1,7,1,3
623,39,3,twitter,2,1,7,1,3
624,39,1,pinterest,0,1,3,2,5
625,39,2,pinterest,0,1,3,2,5
626,39,3,pinterest,0,1,3,2,5
627,39,1,facebook,0,1,1,3,6
628,39,2,facebook,0,1,1,3,6
629,39,3,facebook,0,1,1,3,6
630,39,1,instagram,4,1,6,1,3
631,39,2,instagram,8,1,6,1,3
632,39,3,instagram,2,1,6,1,3
633,39,1,snapchat,7,1,7,1,3
634,39,2,snapchat,20,1,7,1,3
635,39,3,snapchat,2,1,7,1,3
636,41,1,twitter,0,3,1,4,6
637,41,2,twitter,0,3,1,4,6
638,41,3,twitter,0,3,1,4,6
639,41,1,youtube,4,2,6,1,4
640,41,2,youtube,2,2,6,1,4
641,41,3,youtube,1,2,6,1,4
642,41,1,instagram,0,2,1,4,6
643,41,2,instagram,0,2,1,4,6
644,41,3,instagram,0,2,1,4,6
645,41,1,pinterest,0,3,1,4,6
646,41,2,pinterest,0,3,1,4,6
647,41,3,pinterest,0,3,1,4,6
648,41,1,facebook,0,5,1,4,6
649,41,2,facebook,0,5,1,4,6
650,41,3,facebook,0,5,1,4,6
651,41,1,snapchat,2,1,6,1,3
652,41,2,snapchat,1.5,1,6,1,3
653,41,3,snapchat,1,1,6,1,3
654,42,1,snapchat,2,4,4,6,4
655,42,2,snapchat,1,4,4,6,4
656,42,3,snapchat,1,4,4,6,4
657,42,1,facebook,3,4,4,5,3
658,42,2,facebook,0,4,4,5,3
659,42,3,facebook,0,4,4,5,3
660,42,1,pinterest,0,2,4,4,3
661,42,2,pinterest,0,2,4,4,3
662,42,3,pinterest,0,2,4,4,3
663,42,1,twitter,1,4,4,6,4
664,42,2,twitter,4,4,4,6,4
665,42,3,twitter,3,4,4,6,4
666,42,1,youtube,1,4,4,5,4
667,42,2,youtube,10,4,4,5,4
668,42,3,youtube,8,4,4,5,4
669,42,1,instagram,4,4,4,6,4
670,42,2,instagram,9,4,4,6,4
671,42,3,instagram,5,4,4,6,4
672,43,1,twitter,0,4,2,3,5
673,43,2,twitter,0,4,2,3,5
674,43,3,twitter,0,4,2,3,5
675,43,1,snapchat,2,2,6,2,4
676,43,2,snapchat,3,2,6,2,4
677,43,3,snapchat,2,2,6,2,4
678,43,1,instagram,1,2,4,3,3
679,43,2,instagram,8,2,4,3,3
680,43,3,instagram,1,2,4,3,3
681,43,1,youtube,2,2,6,1,4
682,43,2,youtube,3,2,6,1,4
683,43,3,youtube,6,2,6,1,4
684,43,1,facebook,0,5,1,7,6
685,43,2,facebook,0,5,1,7,6
686,43,3,facebook,0,5,1,7,6
687,43,1,pinterest,0,3,1,7,6
688,43,2,pinterest,0,3,1,7,6
689,43,3,pinterest,0,3,1,7,6
690,44,1,twitter,0,5,1,7,6
691,44,2,twitter,0,5,1,7,6
692,44,3,twitter,0,5,1,7,6
693,44,1,youtube,1,2,3,3,5
694,44,2,youtube,4,2,3,3,5
695,44,3,youtube,1,2,3,3,5
696,44,1,facebook,0,2,2,7,6
697,44,2,facebook,0,2,2,7,6
698,44,3,facebook,0,2,2,7,6
699,44,1,snapchat,1,1,4,2,3
700,44,2,snapchat,3,1,4,2,3
701,44,3,snapchat,3,1,4,2,3
702,44,1,pinterest,1,2,5,2,5
703,44,2,pinterest,0,2,5,2,5
704,44,3,pinterest,0,2,5,2,5
705,44,1,instagram,1,1,5,2,3
706,44,2,instagram,1,1,5,2,3
707,44,3,instagram,3,1,5,2,3
708,45,1,youtube,2,2,4,4,3
709,45,2,youtube,7,2,4,4,3
710,45,3,youtube,3,2,4,4,3
711,45,1,pinterest,0,3,2,4,6
712,45,2,pinterest,0,3,2,4,6
713,45,3,pinterest,0,3,2,4,6
714,45,1,facebook,1,3,2,6,5
715,45,2,facebook,0,3,2,6,5
716,45,3,facebook,1,3,2,6,5
717,45,1,snapchat,48,2,4,3,3
718,45,2,snapchat,5,2,4,3,3
719,45,3,snapchat,7,2,4,3,3
720,45,1,twitter,15,2,4,3,3
721,45,2,twitter,12,2,4,3,3
722,45,3,twitter,14,2,4,3,3
723,45,1,instagram,56,2,4,2,1
724,45,2,instagram,24,2,4,2,1
725,45,3,instagram,50,2,4,2,1
726,46,1,facebook,0,4,2,5,5
727,46,2,facebook,0,4,2,5,5
728,46,3,facebook,0,4,2,5,5
729,46,1,twitter,6,2,6,2,1
730,46,2,twitter,6,2,6,2,1
731,46,3,twitter,3,2,6,2,1
732,46,1,snapchat,0,3,3,3,5
733,46,2,snapchat,1,3,3,3,5
734,46,3,snapchat,0,3,3,3,5
735,46,1,instagram,1,2,4,2,3
736,46,2,instagram,1,2,4,2,3
737,46,3,instagram,1,2,4,2,3
738,46,1,youtube,2,1,4,1,3
739,46,2,youtube,2,1,4,1,3
740,46,3,youtube,2,1,4,1,3
741,46,1,pinterest,0,3,2,2,6
742,46,2,pinterest,0,3,2,2,6
743,46,3,pinterest,0,3,2,2,6
744,47,1,facebook,2,3,2,4,6
745,47,2,facebook,0,3,2,4,6
746,47,3,facebook,2,3,2,4,6
747,47,1,twitter,10,1,7,1,1
748,47,2,twitter,14,1,7,1,1
749,47,3,twitter,48,1,7,1,1
750,47,1,snapchat,15,1,7,1,1
751,47,2,snapchat,14,1,7,1,1
752,47,3,snapchat,48,1,7,1,1
753,47,1,youtube,5,1,7,1,4
754,47,2,youtube,3,1,7,1,4
755,47,3,youtube,4,1,7,1,4
756,47,1,pinterest,0,3,1,7,6
757,47,2,pinterest,0,3,1,7,6
758,47,3,pinterest,0,3,1,7,6
759,47,1,instagram,24,1,7,1,1
760,47,2,instagram,14,1,7,1,1
761,47,3,instagram,48,1,7,1,1
762,48,1,youtube,12,2,5,3,1
763,48,2,youtube,6,2,5,3,1
764,48,3,youtube,5,2,5,3,1
765,48,1,pinterest,0,2,1,7,6
766,48,2,pinterest,0,2,1,7,6
767,48,3,pinterest,0,2,1,7,6
768,48,1,twitter,2,2,4,2,4
769,48,2,twitter,0,2,4,2,4
770,48,3,twitter,0,2,4,2,4
771,48,1,instagram,13,2,5,2,1
772,48,2,instagram,12,2,5,2,1
773,48,3,instagram,8,2,5,2,1
774,48,1,facebook,0,4,1,7,6
775,48,2,facebook,0,4,1,7,6
776,48,3,facebook,0,4,1,7,6
777,48,1,snapchat,2,2,4,2,4
778,48,2,snapchat,1,2,4,2,4
779,48,3,snapchat,0,2,4,2,4
780,49,1,snapchat,10,3,1,1,1
781,49,2,snapchat,13,3,1,1,1
782,49,3,snapchat,0,3,1,1,1
783,49,1,youtube,5,3,7,1,3
784,49,2,youtube,8,3,7,1,3
785,49,3,youtube,10,3,7,1,3
786,49,1,twitter,0,3,1,3,6
787,49,2,twitter,0,3,1,3,6
788,49,3,twitter,0,3,1,3,6
789,49,1,instagram,1,3,1,7,6
790,49,2,instagram,0,3,1,7,6
791,49,3,instagram,1,3,1,7,6
792,49,1,pinterest,0,3,1,7,6
793,49,2,pinterest,0,3,1,7,6
794,49,3,pinterest,0,3,1,7,6
795,49,1,facebook,0,3,1,7,6
796,49,2,facebook,0,3,1,7,6
797,49,3,facebook,1,3,1,7,6
798,50,1,facebook,1,2,3,3,4
799,50,2,facebook,1,2,3,3,4
800,50,1,pinterest,0,1,1,7,6
801,50,2,pinterest,0,1,1,7,6
802,50,1,twitter,0,5,1,7,6
803,50,2,twitter,0,5,1,7,6
804,50,1,instagram,3,3,6,1,2
805,50,2,instagram,4,3,6,1,2
806,50,1,youtube,4,2,6,1,1
807,50,2,youtube,4,2,6,1,1
808,50,1,snapchat,3,2,5,1,1
809,50,2,snapchat,4,2,5,1,1
810,51,1,facebook,0,2,2,3,5
811,51,2,facebook,0,2,2,3,5
812,51,3,facebook,0,2,2,3,5
813,51,1,snapchat,2,1,5,2,3
814,51,2,snapchat,9,1,5,2,3
815,51,3,snapchat,8,1,5,2,3
816,51,1,twitter,1,2,3,2,5
817,51,2,twitter,1,2,3,2,5
818,51,3,twitter,1,2,3,2,5
819,51,1,pinterest,1,1,4,2,5
820,51,2,pinterest,0,1,4,2,5
821,51,3,pinterest,0,1,4,2,5
822,51,1,youtube,1,1,6,1,3
823,51,2,youtube,9,1,6,1,3
824,51,3,youtube,3,1,6,1,3
825,51,1,instagram,4,1,5,1,2
826,51,2,instagram,8,1,5,1,2
827,51,3,instagram,5,1,5,1,2
828,52,1,pinterest,0,2,2,5,6
829,52,2,pinterest,0,2,2,5,6
830,52,3,pinterest,0,2,2,5,6
831,52,1,snapchat,2,2,2,3,3
832,52,2,snapchat,2,2,2,3,3
833,52,3,snapchat,2,2,2,3,3
834,52,1,twitter,4,2,4,2,3
835,52,2,twitter,3,2,4,2,3
836,52,3,twitter,2,2,4,2,3
837,52,1,facebook,1,2,3,4,5
838,52,2,facebook,1,2,3,4,5
839,52,3,facebook,1,2,3,4,5
840,52,1,youtube,6,1,4,2,3
841,52,2,youtube,4,1,4,2,3
842,52,3,youtube,4,1,4,2,3
843,52,1,instagram,12,1,6,2,2
844,52,2,instagram,12,1,6,2,2
845,52,3,instagram,12,1,6,2,2
846,53,1,instagram,10,1,4,1,2
847,53,2,instagram,7,1,4,1,2
848,53,3,instagram,5,1,4,1,2
849,53,1,youtube,10,1,7,1,2
850,53,2,youtube,10,1,7,1,2
851,53,3,youtube,5,1,7,1,2
852,53,1,facebook,0,2,3,4,4
853,53,2,facebook,0,2,3,4,4
854,53,3,facebook,0,2,3,4,4
855,53,1,pinterest,1,2,2,1,5
856,53,2,pinterest,0,2,2,1,5
857,53,3,pinterest,0,2,2,1,5
858,53,1,twitter,10,1,7,1,1
859,53,2,twitter,5,1,7,1,1
860,53,3,twitter,5,1,7,1,1
861,53,1,snapchat,10,1,7,1,1
862,53,2,snapchat,10,1,7,1,1
863,53,3,snapchat,5,1,7,1,1
864,54,1,snapchat,0,3,3,7,6
865,54,2,snapchat,0,3,3,7,6
866,54,3,snapchat,0,3,3,7,6
867,54,1,twitter,0,3,1,7,6
868,54,2,twitter,0,3,1,7,6
869,54,3,twitter,0,3,1,7,6
870,54,1,pinterest,0,3,1,7,6
871,54,2,pinterest,0,3,1,7,6
872,54,3,pinterest,0,3,1,7,6
873,54,1,instagram,2,2,7,1,3
874,54,2,instagram,2,2,7,1,3
875,54,3,instagram,4,2,7,1,3
876,54,1,facebook,0,3,1,7,6
877,54,2,facebook,0,3,1,7,6
878,54,3,facebook,0,3,1,7,6
879,54,1,youtube,2,1,7,1,1
880,54,2,youtube,4,1,7,1,1
881,54,3,youtube,3,1,7,1,1
882,55,2,youtube,9,3,6,4,1
883,55,3,youtube,5,3,6,4,1
884,55,2,facebook,1,3,4,5,4
885,55,3,facebook,1,3,4,5,4
886,55,2,instagram,5,2,7,1,1
887,55,3,instagram,4,2,7,1,1
888,55,2,snapchat,3,3,2,4,5
889,55,3,snapchat,0,3,2,4,5
890,55,2,twitter,6,3,3,3,3
891,55,3,twitter,5,3,3,3,3
892,55,2,pinterest,0,2,3,2,5
893,55,3,pinterest,0,2,3,2,5
894,56,1,instagram,0,3,1,4,6
895,56,2,instagram,0,3,1,4,6
896,56,1,snapchat,13,2,7,2,1
897,56,2,snapchat,17,2,7,2,1
898,56,1,twitter,0,3,1,4,6
899,56,2,twitter,0,3,1,4,6
900,56,1,facebook,2,3,1,3,5
901,56,2,facebook,0,3,1,3,5
902,56,1,pinterest,1,2,5,2,3
903,56,2,pinterest,0,2,5,2,3
904,56,1,youtube,6,2,7,2,1
905,56,2,youtube,4,2,7,2,1
906,57,1,pinterest,0,1,4,2,5
907,57,2,pinterest,0,1,4,2,5
908,57,3,pinterest,0,1,4,2,5
909,57,1,facebook,0,3,1,7,6
910,57,2,facebook,0,3,1,7,6
911,57,3,facebook,0,3,1,7,6
912,57,1,twitter,0,3,1,6,6
913,57,2,twitter,0,3,1,6,6
914,57,3,twitter,0,3,1,6,6
915,57,1,snapchat,4,4,4,2,2
916,57,2,snapchat,4,4,4,2,2
917,57,3,snapchat,3,4,4,2,2
918,57,1,instagram,3,2,4,3,4
919,57,2,instagram,2,2,4,3,4
920,57,3,instagram,3,2,4,3,4
921,57,1,youtube,10,2,6,1,2
922,57,2,youtube,10,2,6,1,2
923,57,3,youtube,8,2,6,1,2
924,58,1,facebook,0,3,1,4,6
925,58,2,facebook,0,3,1,4,6
926,58,3,facebook,0,3,1,4,6
927,58,1,instagram,0,2,2,3,6
928,58,2,instagram,0,2,2,3,6
929,58,3,instagram,0,2,2,3,6
930,58,1,youtube,24,1,6,1,2
931,58,2,youtube,7,1,6,1,2
932,58,3,youtube,8,1,6,1,2
933,58,1,snapchat,12,2,3,2,4
934,58,2,snapchat,6,2,3,2,4
935,58,3,snapchat,5,2,3,2,4
936,58,1,pinterest,15,1,5,1,3
937,58,2,pinterest,5,1,5,1,3
938,58,3,pinterest,5,1,5,1,3
939,58,1,twitter,0,4,1,4,6
940,58,2,twitter,0,4,1,4,6
941,58,3,twitter,0,4,1,4,6
942,60,1,pinterest,0,3,1,6,6
943,60,2,pinterest,0,3,1,6,6
944,60,3,pinterest,0,3,1,6,6
945,60,1,instagram,0,4,1,7,6
946,60,2,instagram,0,4,1,7,6
947,60,3,instagram,0,4,1,7,6
948,60,1,facebook,1,4,2,5,4
949,60,2,facebook,0.5,4,2,5,4
950,60,3,facebook,0.5,4,2,5,4
951,60,1,twitter,0,4,1,6,6
952,60,2,twitter,0,4,1,6,6
953,60,3,twitter,0,4,1,6,6
954,60,1,youtube,0.5,2,5,2,4
955,60,2,youtube,1,2,5,2,4
956,60,3,youtube,2,2,5,2,4
957,60,1,snapchat,0,4,1,6,6
958,60,2,snapchat,0,4,1,6,6
959,60,3,snapchat,0,4,1,6,6
960,61,1,twitter,1,1,6,1,4
961,61,2,twitter,3,1,6,1,4
962,61,3,twitter,3,1,6,1,4
963,61,1,instagram,2,1,5,1,3
964,61,2,instagram,5,1,5,1,3
965,61,3,instagram,5,1,5,1,3
966,61,1,facebook,1,2,3,3,4
967,61,2,facebook,3,2,3,3,4
968,61,3,facebook,2,2,3,3,4
969,61,1,snapchat,6,1,7,1,1
970,61,2,snapchat,10,1,7,1,1
971,61,3,snapchat,10,1,7,1,1
972,61,1,youtube,6,1,7,1,4
973,61,2,youtube,10,1,7,1,4
974,61,3,youtube,10,1,7,1,4
975,61,1,pinterest,0,3,1,4,6
976,61,2,pinterest,0,3,1,4,6
977,61,3,pinterest,0,3,1,4,6
978,62,2,snapchat,30,1,7,1,1
979,62,3,snapchat,26,1,7,1,1
980,62,2,facebook,1,2,2,3,4
981,62,3,facebook,1,2,2,3,4
982,62,2,youtube,8,1,5,2,3
983,62,3,youtube,6,1,5,2,3
984,62,2,instagram,15,1,6,2,1
985,62,3,instagram,15,1,6,2,1
986,62,2,pinterest,1,3,1,4,5
987,62,3,pinterest,0,3,1,4,5
988,62,2,twitter,0,3,1,4,6
989,62,3,twitter,0,3,1,4,6
990,63,1,instagram,8,2,6,2,2
991,63,2,instagram,4,2,6,2,2
992,63,3,instagram,7,2,6,2,2
993,63,1,youtube,10,2,6,2,1
994,63,2,youtube,4,2,6,2,1
995,63,3,youtube,7,2,6,2,1
996,63,1,twitter,10,2,4,2,1
997,63,2,twitter,4,2,4,2,1
998,63,3,twitter,7,2,4,2,1
999,63,1,facebook,3,2,3,3,4
1000,63,2,facebook,4,2,3,3,4
1001,63,3,facebook,4,2,3,3,4
1002,63,1,pinterest,0,3,1,4,6
1003,63,2,pinterest,0,3,1,4,6
1004,63,3,pinterest,0,3,1,4,6
1005,63,1,snapchat,10,2,4,2,1
1006,63,2,snapchat,4,2,4,2,1
1007,63,3,snapchat,7,2,4,2,1
1008,64,1,youtube,5,2,5,2,1
1009,64,2,youtube,7,2,5,2,1
1010,64,3,youtube,6,2,5,2,1
1011,64,1,snapchat,3,2,4,2,3
1012,64,2,snapchat,5,2,4,2,3
1013,64,3,snapchat,5,2,4,2,3
1014,64,1,facebook,4,3,4,2,3
1015,64,2,facebook,4,3,4,2,3
1016,64,3,facebook,4,3,4,2,3
1017,64,1,twitter,0,3,1,3,6
1018,64,2,twitter,0,3,1,3,6
1019,64,3,twitter,0,3,1,3,6
1020,64,1,pinterest,0,3,1,4,5
1021,64,2,pinterest,0,3,1,4,5
1022,64,3,pinterest,0,3,1,4,5
1023,64,1,instagram,5,2,5,2,1
1024,64,2,instagram,8,2,5,2,1
1025,64,3,instagram,6,2,5,2,1
1026,65,2,youtube,7,1,7,1,1
1027,65,3,youtube,10,1,7,1,1
1028,65,2,facebook,0,3,2,3,6
1029,65,3,facebook,0,3,2,3,6
1030,65,2,pinterest,2,1,7,1,3
1031,65,3,pinterest,3,1,7,1,3
1032,65,2,twitter,0,4,1,5,6
1033,65,3,twitter,0,4,1,5,6
1034,65,2,snapchat,0,4,1,5,6
1035,65,3,snapchat,0,4,1,5,6
1036,65,2,instagram,7,2,7,1,1
1037,65,3,instagram,10,2,7,1,1
1038,66,1,twitter,0,3,1,4,6
1039,66,2,twitter,0,3,1,4,6
1040,66,3,twitter,0,3,1,4,6
1041,66,1,snapchat,2,3,2,4,3
1042,66,2,snapchat,2,3,2,4,3
1043,66,3,snapchat,1,3,2,4,3
1044,66,1,instagram,4,3,2,4,3
1045,66,2,instagram,2,3,2,4,3
1046,66,3,instagram,3,3,2,4,3
1047,66,1,facebook,0,4,1,4,6
1048,66,2,facebook,0,4,1,4,6
1049,66,3,facebook,1,4,1,4,6
1050,66,1,youtube,3,3,2,4,3
1051,66,2,youtube,2,3,2,4,3
1052,66,3,youtube,3,3,2,4,3
1053,66,1,pinterest,0,3,1,4,6
1054,66,2,pinterest,0,3,1,4,6
1055,66,3,pinterest,0,3,1,4,6
1056,67,1,youtube,10,2,6,3,3
1057,67,2,youtube,3,2,6,3,3
1058,67,1,instagram,7,2,6,3,3
1059,67,2,instagram,2.5,2,6,3,3
1060,67,1,twitter,2,2,6,2,3
1061,67,2,twitter,1,2,6,2,3
1062,67,1,pinterest,0,1,2,3,5
1063,67,2,pinterest,0,1,2,3,5
1064,67,1,facebook,0,2,2,5,6
1065,67,2,facebook,0,2,2,5,6
1066,67,1,snapchat,7,2,6,3,3
1067,67,2,snapchat,1,2,6,3,3
1068,68,3,twitter,7,2,3,2,4
1069,68,3,pinterest,0,3,1,5,6
1070,68,3,youtube,10,2,3,3,5
1071,68,3,instagram,20,2,5,1,2
1072,68,3,snapchat,20,2,6,1,3
1073,68,3,facebook,2,2,2,3,5
1074,69,1,facebook,0,4,1,6,6
1075,69,2,facebook,0,4,1,6,6
1076,69,3,facebook,0,4,1,6,6
1077,69,1,pinterest,0,3,1,6,6
1078,69,2,pinterest,0,3,1,6,6
1079,69,3,pinterest,0,3,1,6,6
1080,69,1,twitter,2,2,6,2,3
1081,69,2,twitter,1,2,6,2,3
1082,69,3,twitter,3,2,6,2,3
1083,69,1,snapchat,4,2,7,2,2
1084,69,2,snapchat,4,2,7,2,2
1085,69,3,snapchat,6,2,7,2,2
1086,69,1,instagram,3,2,7,1,1
1087,69,2,instagram,7,2,7,1,1
1088,69,3,instagram,5,2,7,1,1
1089,69,1,youtube,10,1,7,1,1
1090,69,2,youtube,10,1,7,1,1
1091,69,3,youtube,13,1,7,1,1
1092,70,1,instagram,9,1,6,1,1
1093,70,2,instagram,10,1,6,1,1
1094,70,3,instagram,3,1,6,1,1
1095,70,1,snapchat,0,1,3,1,6
1096,70,2,snapchat,0,1,3,1,6
1097,70,3,snapchat,0,1,3,1,6
1098,70,1,twitter,0,2,2,2,5
1099,70,2,twitter,0,2,2,2,5
1100,70,3,twitter,0,2,2,2,5
1101,70,1,pinterest,10,1,7,1,4
1102,70,2,pinterest,13,1,7,1,4
1103,70,3,pinterest,2,1,7,1,4
1104,70,1,youtube,9,1,7,1,3
1105,70,2,youtube,10,1,7,1,3
1106,70,3,youtube,5,1,7,1,3
1107,70,1,facebook,9,2,6,1,1
1108,70,2,facebook,10,2,6,1,1
1109,70,3,facebook,3,2,6,1,1
1110,71,1,snapchat,2,2,6,2,2
1111,71,2,snapchat,1,2,6,2,2
1112,71,1,facebook,0,2,1,4,6
1113,71,2,facebook,0,2,1,4,6
1114,71,1,instagram,4,2,7,1,1
1115,71,2,instagram,4,2,7,1,1
1116,71,1,youtube,2,2,7,1,1
1117,71,2,youtube,2,2,7,1,1
1118,71,1,pinterest,0,1,1,4,6
1119,71,2,pinterest,0,1,1,4,6
1120,71,1,twitter,4,2,7,1,1
1121,71,2,twitter,2,2,7,1,1
1122,72,1,pinterest,0,3,3,6,6
1123,72,2,pinterest,0,3,3,6,6
1124,72,3,pinterest,0,3,3,6,6
1125,72,1,instagram,6,2,6,2,2
1126,72,2,instagram,20,2,6,2,2
1127,72,3,instagram,15,2,6,2,2
1128,72,1,facebook,0,4,1,7,6
1129,72,2,facebook,0,4,1,7,6
1130,72,3,facebook,0,4,1,7,6
1131,72,1,youtube,20,1,6,2,3
1132,72,2,youtube,25,1,6,2,3
1133,72,3,youtube,30,1,6,2,3
1134,72,1,twitter,6,1,6,2,3
1135,72,2,twitter,12,1,6,2,3
1136,72,3,twitter,20,1,6,2,3
1137,72,1,snapchat,12,1,6,2,2
1138,72,2,snapchat,30,1,6,2,2
1139,72,3,snapchat,25,1,6,2,2
1140,73,1,twitter,0,4,1,7,6
1141,73,2,twitter,0,4,1,7,6
1142,73,3,twitter,0,4,1,7,6
1143,73,1,instagram,0,4,1,7,6
1144,73,2,instagram,0,4,1,7,6
1145,73,3,instagram,0,4,1,7,6
1146,73,1,snapchat,0,4,1,7,6
1147,73,2,snapchat,0,4,1,7,6
1148,73,3,snapchat,0,4,1,7,6
1149,73,1,pinterest,0,3,1,7,6
1150,73,2,pinterest,0,3,1,7,6
1151,73,3,pinterest,0,3,1,7,6
1152,73,1,facebook,0,4,1,7,6
1153,73,2,facebook,0,4,1,7,6
1154,73,3,facebook,0,4,1,7,6
1155,73,1,youtube,2,2,5,3,5
1156,73,2,youtube,2,2,5,3,5
1157,73,3,youtube,3,2,5,3,5
1158,74,1,instagram,3,1,5,2,1
1159,74,2,instagram,2,1,5,2,1
1160,74,3,instagram,5,1,5,2,1
1161,74,1,youtube,3,1,5,1,4
1162,74,2,youtube,4,1,5,1,4
1163,74,3,youtube,2,1,5,1,4
1164,74,1,facebook,0,3,2,7,5
1165,74,2,facebook,0,3,2,7,5
1166,74,3,facebook,0,3,2,7,5
1167,74,1,snapchat,3,1,4,2,1
1168,74,2,snapchat,4,1,4,2,1
1169,74,3,snapchat,3,1,4,2,1
1170,74,1,twitter,3,1,6,1,1
1171,74,2,twitter,3,1,6,1,1
1172,74,3,twitter,9,1,6,1,1
1173,74,1,pinterest,0,3,1,7,5
1174,74,2,pinterest,0,3,1,7,5
1175,74,3,pinterest,0,3,1,7,5
1176,75,1,youtube,1,2,3,3,4
1177,75,2,youtube,0,2,3,3,4
1178,75,3,youtube,0,2,3,3,4
1179,75,1,pinterest,0,1,3,2,5
1180,75,2,pinterest,1,1,3,2,5
1181,75,3,pinterest,0,1,3,2,5
1182,75,1,twitter,0,3,1,2,6
1183,75,2,twitter,0,3,1,2,6
1184,75,3,twitter,0,3,1,2,6
1185,75,1,instagram,4,3,4,2,4
1186,75,2,instagram,5,3,4,2,4
1187,75,3,instagram,3,3,4,2,4
1188,75,1,facebook,0,3,2,4,6
1189,75,2,facebook,0,3,2,4,6
1190,75,3,facebook,0,3,2,4,6
1191,75,1,snapchat,4,2,4,3,3
1192,75,2,snapchat,5,2,4,3,3
1193,75,3,snapchat,3,2,4,3,3
1194,76,1,facebook,0,3,1,5,6
1195,76,2,facebook,0,3,1,5,6
1196,76,3,facebook,0,3,1,5,6
1197,76,1,instagram,3,2,6,2,2
1198,76,2,instagram,3,2,6,2,2
1199,76,3,instagram,4,2,6,2,2
1200,76,1,snapchat,3,2,6,2,2
1201,76,2,snapchat,4,2,6,2,2
1202,76,3,snapchat,6,2,6,2,2
1203,76,1,youtube,1,2,4,2,4
1204,76,2,youtube,3,2,4,2,4
1205,76,3,youtube,1,2,4,2,4
1206,76,1,pinterest,0,3,1,4,6
1207,76,2,pinterest,0,3,1,4,6
1208,76,3,pinterest,0,3,1,4,6
1209,76,1,twitter,1,2,2,3,4
1210,76,2,twitter,1,2,2,3,4
1211,76,3,twitter,1,2,2,3,4
1212,77,1,facebook,0,4,1,5,6
1213,77,2,facebook,0,4,1,5,6
1214,77,3,facebook,0,4,1,5,6
1215,77,1,twitter,0,4,1,5,6
1216,77,2,twitter,0,4,1,5,6
1217,77,3,twitter,0,4,1,5,6
1218,77,1,instagram,4,1,4,1,2
1219,77,2,instagram,1,1,4,1,2
1220,77,3,instagram,3,1,4,1,2
1221,77,1,pinterest,0,2,2,4,5
1222,77,2,pinterest,0,2,2,4,5
1223,77,3,pinterest,0,2,2,4,5
1224,77,1,snapchat,6,1,6,1,1
1225,77,2,snapchat,2,1,6,1,1
1226,77,3,snapchat,5,1,6,1,1
1227,77,1,youtube,0,1,2,3,5
1228,77,2,youtube,0,1,2,3,5
1229,77,3,youtube,2,1,2,3,5
1230,78,1,facebook,0,3,1,4,6
1231,78,2,facebook,0,3,1,4,6
1232,78,3,facebook,0,3,1,4,6
1233,78,1,snapchat,5,2,6,1,1
1234,78,2,snapchat,16,2,6,1,1
1235,78,3,snapchat,5,2,6,1,1
1236,78,1,pinterest,0,3,6,7,6
1237,78,2,pinterest,0,3,6,7,6
1238,78,3,pinterest,0,3,6,7,6
1239,78,1,twitter,0,3,1,7,6
1240,78,2,twitter,0,3,1,7,6
1241,78,3,twitter,0,3,1,7,6
1242,78,1,instagram,16,2,6,1,1
1243,78,2,instagram,18,2,6,1,1
1244,78,3,instagram,7,2,6,1,1
1245,78,1,youtube,10,2,6,1,1
1246,78,2,youtube,18,2,6,1,1
1247,78,3,youtube,8,2,6,1,1
1248,79,1,youtube,0,3,1,2,6
1249,79,2,youtube,0,3,1,2,6
1250,79,3,youtube,0,3,1,2,6
1251,79,1,snapchat,1,2,2,3,5
1252,79,2,snapchat,0,2,2,3,5
1253,79,3,snapchat,0,2,2,3,5
1254,79,1,instagram,8,3,5,3,3
1255,79,2,instagram,8,3,5,3,3
1256,79,3,instagram,6,3,5,3,3
1257,79,1,facebook,0,3,1,3,6
1258,79,2,facebook,0,3,1,3,6
1259,79,3,facebook,0,3,1,3,6
1260,79,1,twitter,0,3,1,4,6
1261,79,2,twitter,0,3,1,4,6
1262,79,3,twitter,0,3,1,4,6
1263,79,1,pinterest,0,2,1,1,6
1264,79,2,pinterest,0,2,1,1,6
1265,79,3,pinterest,0,2,1,1,6
1266,80,1,youtube,49,1,7,1,1
1267,80,2,youtube,40,1,7,1,1
1268,80,3,youtube,40,1,7,1,1
1269,80,1,snapchat,0,3,1,6,5
1270,80,2,snapchat,0,3,1,6,5
1271,80,3,snapchat,0,3,1,6,5
1272,80,1,instagram,0,3,1,7,5
1273,80,2,instagram,0,3,1,7,5
1274,80,3,instagram,0,3,1,7,5
1275,80,1,pinterest,0,3,1,7,6
1276,80,2,pinterest,0,3,1,7,6
1277,80,3,pinterest,0,3,1,7,6
1278,80,1,twitter,0,3,1,6,5
1279,80,2,twitter,0,3,1,6,5
1280,80,3,twitter,0,3,1,6,5
1281,80,1,facebook,0,3,2,5,5
1282,80,2,facebook,0,3,2,5,5
1283,80,3,facebook,0,3,2,5,5
1284,81,1,youtube,10,2,6,2,3
1285,81,2,youtube,4,2,6,2,3
1286,81,3,youtube,5,2,6,2,3
1287,81,1,pinterest,0,3,1,7,6
1288,81,2,pinterest,0,3,1,7,6
1289,81,3,pinterest,0,3,1,7,6
1290,81,1,facebook,0,4,1,7,6
1291,81,2,facebook,0,4,1,7,6
1292,81,3,facebook,0,4,1,7,6
1293,81,1,twitter,0,2,1,3,5
1294,81,2,twitter,0,2,1,3,5
1295,81,3,twitter,0,2,1,3,5
1296,81,1,snapchat,50,1,7,2,1
1297,81,2,snapchat,12,1,7,2,1
1298,81,3,snapchat,20,1,7,2,1
1299,81,1,instagram,6,2,5,4,3
1300,81,2,instagram,9,2,5,4,3
1301,81,3,instagram,7,2,5,4,3
1302,83,1,youtube,2,4,5,4,1
1303,83,2,youtube,2,4,5,4,1
1304,83,3,youtube,6,4,5,4,1
1305,83,1,pinterest,0,3,1,6,6
1306,83,2,pinterest,0,3,1,6,6
1307,83,3,pinterest,0,3,1,6,6
1308,83,1,instagram,2,2,6,1,1
1309,83,2,instagram,1,2,6,1,1
1310,83,3,instagram,3,2,6,1,1
1311,83,1,twitter,0,3,5,2,2
1312,83,2,twitter,1,3,5,2,2
1313,83,3,twitter,0,3,5,2,2
1314,83,1,facebook,0,3,1,7,6
1315,83,2,facebook,0,3,1,7,6
1316,83,3,facebook,0,3,1,7,6
1317,83,1,snapchat,2,1,7,1,1
1318,83,2,snapchat,3,1,7,1,1
1319,83,3,snapchat,5,1,7,1,1
1320,84,1,twitter,10,2,7,4,2
1321,84,2,twitter,8,2,7,4,2
1322,84,3,twitter,6,2,7,4,2
1323,84,1,snapchat,8,2,6,4,3
1324,84,2,snapchat,6,2,6,4,3
1325,84,3,snapchat,4,2,6,4,3
1326,84,1,facebook,0,3,1,7,6
1327,84,2,facebook,0,3,1,7,6
1328,84,3,facebook,0,3,1,7,6
1329,84,1,youtube,0,2,3,4,5
1330,84,2,youtube,0,2,3,4,5
1331,84,3,youtube,0,2,3,4,5
1332,84,1,pinterest,0,3,1,7,6
1333,84,2,pinterest,0,3,1,7,6
1334,84,3,pinterest,0,3,1,7,6
1335,84,1,instagram,9,2,6,4,2
1336,84,2,instagram,4,2,6,4,2
1337,84,3,instagram,4,2,6,4,2
1338,85,1,facebook,1,3,5,2,4
1339,85,2,facebook,1,3,5,2,4
1340,85,3,facebook,1,3,5,2,4
1341,85,1,snapchat,3,3,1,1,1
1342,85,2,snapchat,1,3,1,1,1
1343,85,3,snapchat,3,3,1,1,1
1344,85,1,twitter,1,3,4,1,4
1345,85,2,twitter,2,3,4,1,4
1346,85,3,twitter,1,3,4,1,4
1347,85,1,instagram,5,3,1,1,1
1348,85,2,instagram,1,3,1,1,1
1349,85,3,instagram,4,3,1,1,1
1350,85,1,pinterest,0,3,3,1,4
1351,85,2,pinterest,1,3,3,1,4
1352,85,3,pinterest,0,3,3,1,4
1353,85,1,youtube,0,3,4,2,5
1354,85,2,youtube,1,3,4,2,5
1355,85,3,youtube,1,3,4,2,5
1356,86,1,instagram,2,2,3,6,3
1357,86,3,instagram,1,2,3,6,3
1358,86,1,facebook,2,2,3,7,3
1359,86,3,facebook,1,2,3,7,3
1360,86,1,pinterest,0,4,1,6,5
1361,86,3,pinterest,1,4,1,6,5
1362,86,1,snapchat,4,2,3,6,3
1363,86,3,snapchat,1,2,3,6,3
1364,86,1,youtube,8,2,5,6,3
1365,86,3,youtube,1,2,5,6,3
1366,86,1,twitter,1,3,2,6,4
1367,86,3,twitter,1,3,2,6,4
1368,87,1,snapchat,6,2,6,1,1
1369,87,2,snapchat,4,2,6,1,1
1370,87,3,snapchat,4,2,6,1,1
1371,87,1,facebook,0,3,1,7,6
1372,87,2,facebook,0,3,1,7,6
1373,87,3,facebook,0,3,1,7,6
1374,87,1,instagram,3,2,6,1,3
1375,87,2,instagram,1,2,6,1,3
1376,87,3,instagram,3,2,6,1,3
1377,87,1,pinterest,1,1,4,1,5
1378,87,2,pinterest,0,1,4,1,5
1379,87,3,pinterest,0,1,4,1,5
1380,87,1,youtube,3,1,6,1,4
1381,87,2,youtube,2,1,6,1,4
1382,87,3,youtube,1,1,6,1,4
1383,87,1,twitter,4,2,5,1,3
1384,87,2,twitter,2,2,5,1,3
1385,87,3,twitter,2,2,5,1,3
1404,89,1,youtube,20,1,7,1,1
1405,89,2,youtube,30,1,7,1,1
1406,89,3,youtube,12,1,7,1,1
1407,89,1,twitter,0,3,2,4,5
1408,89,2,twitter,6,3,2,4,5
1409,89,3,twitter,1,3,2,4,5
1410,89,1,pinterest,0,3,1,4,6
1411,89,2,pinterest,1,3,1,4,6
1412,89,3,pinterest,1,3,1,4,6
1413,89,1,snapchat,0,2,1,4,6
1414,89,2,snapchat,0,2,1,4,6
1415,89,3,snapchat,0,2,1,4,6
1416,89,1,facebook,0,2,1,3,6
1417,89,2,facebook,0,2,1,3,6
1418,89,3,facebook,0,2,1,3,6
1419,89,1,instagram,18,2,7,3,3
1420,89,2,instagram,39,2,7,3,3
1421,89,3,instagram,13,2,7,3,3
1422,90,1,youtube,0,2,3,4,4
1423,90,2,youtube,4,2,3,4,4
1424,90,3,youtube,15,2,3,4,4
1425,90,1,instagram,4,4,3,1,3
1426,90,2,instagram,0,4,3,1,3
1427,90,3,instagram,15,4,3,1,3
1428,90,1,twitter,6,2,4,1,2
1429,90,2,twitter,4,2,4,1,2
1430,90,3,twitter,20,2,4,1,2
1431,90,1,facebook,0,3,1,4,6
1432,90,2,facebook,3,3,1,4,6
1433,90,3,facebook,0,3,1,4,6
1434,90,1,snapchat,3,2,3,4,2
1435,90,2,snapchat,0,2,3,4,2
1436,90,3,snapchat,0,2,3,4,2
1437,90,1,pinterest,0,3,1,4,6
1438,90,2,pinterest,0,3,1,4,6
1439,90,3,pinterest,2,3,1,4,6
1440,91,1,twitter,0,2,3,3,4
1441,91,2,twitter,0,2,3,3,4
1442,91,3,twitter,0,2,3,3,4
1443,91,1,youtube,1,2,3,4,4
1444,91,2,youtube,0,2,3,4,4
1445,91,3,youtube,0,2,3,4,4
1446,91,1,instagram,1.2,1,6,3,1
1447,91,2,instagram,7,1,6,3,1
1448,91,3,instagram,6,1,6,3,1
1449,91,1,pinterest,0,3,2,3,6
1450,91,2,pinterest,0,3,2,3,6
1451,91,3,pinterest,0,3,2,3,6
1452,91,1,facebook,1,2,4,4,3
1453,91,2,facebook,0.5,2,4,4,3
1454,91,3,facebook,1,2,4,4,3
1455,91,1,snapchat,0.5,1,6,3,1
1456,91,2,snapchat,7,1,6,3,1
1457,91,3,snapchat,3,1,6,3,1
1458,92,1,youtube,0,1,4,1,4
1459,92,2,youtube,1,1,4,1,4
1460,92,3,youtube,1,1,4,1,4
1461,92,1,snapchat,0,3,2,6,5
1462,92,2,snapchat,0,3,2,6,5
1463,92,3,snapchat,0,3,2,6,5
1464,92,1,instagram,0,1,5,1,2
1465,92,2,instagram,0,1,5,1,2
1466,92,3,instagram,0,1,5,1,2
1467,92,1,twitter,0,1,6,1,2
1468,92,2,twitter,1,1,6,1,2
1469,92,3,twitter,0,1,6,1,2
1470,92,1,pinterest,0,1,4,1,5
1471,92,2,pinterest,0,1,4,1,5
1472,92,3,pinterest,0,1,4,1,5
1473,92,1,facebook,0,4,2,6,5
1474,92,2,facebook,0,4,2,6,5
1475,92,3,facebook,0,4,2,6,5
1476,93,1,facebook,1,3,4,3,4
1477,93,1,pinterest,0,3,1,6,6
1478,93,1,youtube,15,2,7,1,1
1479,93,1,twitter,0,2,2,4,6
1480,93,1,instagram,15,1,7,2,3
1481,93,1,snapchat,20,1,7,1,1
1482,95,1,instagram,15,2,7,1,1
1483,95,2,instagram,4,2,7,1,1
1484,95,3,instagram,5,2,7,1,1
1485,95,1,pinterest,0,3,1,2,6
1486,95,2,pinterest,0,3,1,2,6
1487,95,3,pinterest,0,3,1,2,6
1488,95,1,twitter,15,4,6,1,1
1489,95,2,twitter,3,4,6,1,1
1490,95,3,twitter,3,4,6,1,1
1491,95,1,snapchat,15,2,6,1,1
1492,95,2,snapchat,2,2,6,1,1
1493,95,3,snapchat,3,2,6,1,1
1494,95,1,youtube,3,3,6,1,1
1495,95,2,youtube,2,3,6,1,1
1496,95,3,youtube,1,3,6,1,1
1497,95,1,facebook,0,2,1,7,6
1498,95,2,facebook,0,2,1,7,6
1499,95,3,facebook,0,2,1,7,6
1500,96,1,twitter,0,3,1,7,6
1501,96,2,twitter,0,3,1,7,6
1502,96,3,twitter,0,3,1,7,6
1503,96,1,instagram,10,1,7,1,1
1504,96,2,instagram,12,1,7,1,1
1505,96,3,instagram,9,1,7,1,1
1506,96,1,snapchat,4,2,6,1,1
1507,96,2,snapchat,3,2,6,1,1
1508,96,3,snapchat,4,2,6,1,1
1509,96,1,pinterest,0,2,2,3,5
1510,96,2,pinterest,0,2,2,3,5
1511,96,3,pinterest,0,2,2,3,5
1512,96,1,youtube,6,2,6,2,1
1513,96,2,youtube,4,2,6,2,1
1514,96,3,youtube,2,2,6,2,1
1515,96,1,facebook,0,3,2,7,5
1516,96,2,facebook,0,3,2,7,5
1517,96,3,facebook,0,3,2,7,5
1518,97,1,twitter,30,1,7,1,1
1519,97,2,twitter,30,1,7,1,1
1520,97,3,twitter,20,1,7,1,1
1521,97,1,snapchat,10,1,7,1,3
1522,97,2,snapchat,4,1,7,1,3
1523,97,3,snapchat,4,1,7,1,3
1524,97,1,instagram,5,2,6,1,3
1525,97,2,instagram,5,2,6,1,3
1526,97,3,instagram,3,2,6,1,3
1527,97,1,pinterest,0,1,4,1,5
1528,97,2,pinterest,0,1,4,1,5
1529,97,3,pinterest,0,1,4,1,5
1530,97,1,youtube,0,1,5,2,5
1531,97,2,youtube,0,1,5,2,5
1532,97,3,youtube,0,1,5,2,5
1533,97,1,facebook,0,2,2,3,6
1534,97,2,facebook,0,2,2,3,6
1535,97,3,facebook,0,2,2,3,6
1536,98,1,instagram,3,2,6,1,4
1537,98,2,instagram,15,2,6,1,4
1538,98,3,instagram,20,2,6,1,4
1539,98,1,snapchat,4,2,6,1,3
1540,98,2,snapchat,15,2,6,1,3
1541,98,3,snapchat,20,2,6,1,3
1542,98,1,facebook,0,2,1,3,6
1543,98,2,facebook,0,2,1,3,6
1544,98,3,facebook,0,2,1,3,6
1545,98,1,youtube,4,2,1,1,6
1546,98,2,youtube,7,2,1,1,6
1547,98,3,youtube,15,2,1,1,6
1548,98,1,twitter,0,3,1,4,6
1549,98,2,twitter,0,3,1,4,6
1550,98,3,twitter,0,3,1,4,6
1551,98,1,pinterest,0,2,1,4,6
1552,98,2,pinterest,0,2,1,4,6
1553,98,3,pinterest,0,2,1,4,6
1554,99,1,instagram,1,3,4,2,4
1555,99,2,instagram,3,3,4,2,4
1556,99,3,instagram,2,3,4,2,4
1557,99,1,youtube,0,3,2,4,5
1558,99,2,youtube,0,3,2,4,5
1559,99,3,youtube,0,3,2,4,5
1560,99,1,snapchat,14,2,7,1,1
1561,99,2,snapchat,15,2,7,1,1
1562,99,3,snapchat,15,2,7,1,1
1563,99,1,pinterest,0,3,2,3,5
1564,99,2,pinterest,1,3,2,3,5
1565,99,3,pinterest,0,3,2,3,5
1566,99,1,twitter,0,4,1,5,5
1567,99,2,twitter,1,4,1,5,5
1568,99,3,twitter,0,4,1,5,5
1569,99,1,facebook,0,3,2,4,5
1570,99,2,facebook,2,3,2,4,5
1571,99,3,facebook,0,3,2,4,5
1572,100,1,facebook,0,4,1,7,6
1573,100,2,facebook,0,4,1,7,6
1574,100,3,facebook,0,4,1,7,6
1575,100,1,snapchat,5,2,7,2,1
1576,100,2,snapchat,7,2,7,2,1
1577,100,3,snapchat,4,2,7,2,1
1578,100,1,youtube,14,1,7,1,1
1579,100,2,youtube,10,1,7,1,1
1580,100,3,youtube,6,1,7,1,1
1581,100,1,instagram,15,2,7,2,1
1582,100,2,instagram,3,2,7,2,1
1583,100,3,instagram,7,2,7,2,1
1584,100,1,twitter,0,2,2,2,3
1585,100,2,twitter,0,2,2,2,3
1586,100,3,twitter,1,2,2,2,3
1587,100,1,pinterest,0,3,5,3,5
1588,100,2,pinterest,0,3,5,3,5
1589,100,3,pinterest,0,3,5,3,5
1590,101,1,youtube,1,2,2,6,5
1591,101,2,youtube,1,2,2,6,5
1592,101,3,youtube,0,2,2,6,5
1593,101,1,instagram,7,1,5,2,1
1594,101,2,instagram,6,1,5,2,1
1595,101,3,instagram,5,1,5,2,1
1596,101,1,snapchat,5,2,4,5,3
1597,101,2,snapchat,4,2,4,5,3
1598,101,3,snapchat,1,2,4,5,3
1599,101,1,twitter,0,4,1,7,6
1600,101,2,twitter,0,4,1,7,6
1601,101,3,twitter,0,4,1,7,6
1602,101,1,pinterest,0,2,1,3,6
1603,101,2,pinterest,0,2,1,3,6
1604,101,3,pinterest,0,2,1,3,6
1605,101,1,facebook,0,2,1,6,6
1606,101,2,facebook,0,2,1,6,6
1607,101,3,facebook,0,2,1,6,6
1608,102,2,pinterest,0,2,2,7,6
1609,102,3,pinterest,0,2,2,7,6
1610,102,2,instagram,3,2,5,4,3
1611,102,3,instagram,8,2,5,4,3
1612,102,2,snapchat,1,3,3,3,3
1613,102,3,snapchat,4,3,3,3,3
1614,102,2,facebook,0,3,1,7,6
1615,102,3,facebook,0,3,1,7,6
1616,102,2,youtube,2,2,5,2,4
1617,102,3,youtube,4,2,5,2,4
1618,102,2,twitter,6,2,3,3,3
1619,102,3,twitter,8,2,3,3,3
1620,103,2,instagram,0,2,3,1,3
1621,103,3,instagram,0,2,3,1,3
1622,103,2,youtube,6,2,7,1,1
1623,103,3,youtube,10,2,7,1,1
1624,103,2,facebook,0,5,1,7,6
1625,103,3,facebook,0,5,1,7,6
1626,103,2,snapchat,1,2,6,1,1
1627,103,3,snapchat,1,2,6,1,1
1628,103,2,twitter,8,2,7,1,1
1629,103,3,twitter,12,2,7,1,1
1630,103,2,pinterest,1,1,3,1,4
1631,103,3,pinterest,0,1,3,1,4
1632,104,1,instagram,10,1,5,2,1
1633,104,2,instagram,15,1,5,2,1
1634,104,3,instagram,15,1,5,2,1
1635,104,1,snapchat,10,2,5,2,1
1636,104,2,snapchat,15,2,5,2,1
1637,104,3,snapchat,10,2,5,2,1
1638,104,1,facebook,0,5,1,7,6
1639,104,2,facebook,0,5,1,7,6
1640,104,3,facebook,0,5,1,7,6
1641,104,1,pinterest,0,3,2,7,6
1642,104,2,pinterest,0,3,2,7,6
1643,104,3,pinterest,0,3,2,7,6
1644,104,1,youtube,0,3,3,7,5
1645,104,2,youtube,0,3,3,7,5
1646,104,3,youtube,0,3,3,7,5
1647,104,1,twitter,10,1,7,1,1
1648,104,2,twitter,15,1,7,1,1
1649,104,3,twitter,20,1,7,1,1
1650,106,1,snapchat,0,4,3,3,4
1651,106,1,snapchat,0,4,2,7,4
1652,106,2,snapchat,1,4,3,3,4
1653,106,2,snapchat,1,4,2,7,4
1654,106,3,snapchat,0,4,3,3,4
1655,106,3,snapchat,0,4,2,7,4
1656,106,1,instagram,8,2,6,2,1
1657,106,1,instagram,8,4,5,4,2
1658,106,2,instagram,5,2,6,2,1
1659,106,2,instagram,5,4,5,4,2
1660,106,3,instagram,6,2,6,2,1
1661,106,3,instagram,6,4,5,4,2
1662,106,1,youtube,0,1,5,2,5
1663,106,1,youtube,0,2,7,1,3
1664,106,2,youtube,5,1,5,2,5
1665,106,2,youtube,5,2,7,1,3
1666,106,3,youtube,1,1,5,2,5
1667,106,3,youtube,1,2,7,1,3
1668,106,1,pinterest,1,1,4,2,5
1669,106,1,pinterest,1,2,5,2,4
1670,106,2,pinterest,0,1,4,2,5
1671,106,2,pinterest,0,2,5,2,4
1672,106,3,pinterest,1,1,4,2,5
1673,106,3,pinterest,1,2,5,2,4
1674,106,1,facebook,1,5,3,7,3
1675,106,1,facebook,1,4,2,7,4
1676,106,2,facebook,5,5,3,7,3
1677,106,2,facebook,5,4,2,7,4
1678,106,3,facebook,2,5,3,7,3
1679,106,3,facebook,2,4,2,7,4
1680,106,1,twitter,8,2,5,2,1
1681,106,1,twitter,8,4,7,3,2
1682,106,2,twitter,5,2,5,2,1
1683,106,2,twitter,5,4,7,3,2
1684,106,3,twitter,6,2,5,2,1
1685,106,3,twitter,6,4,7,3,2
1686,107,2,facebook,0,3,1,7,6
1687,107,3,facebook,0,3,1,7,6
1688,107,2,snapchat,0,3,1,4,5
1689,107,3,snapchat,1,3,1,4,5
1690,107,2,youtube,6,1,7,1,3
1691,107,3,youtube,4,1,7,1,3
1692,107,2,instagram,0,3,2,4,4
1693,107,3,instagram,0,3,2,4,4
1694,107,2,pinterest,2,1,5,2,3
1695,107,3,pinterest,2,1,5,2,3
1696,107,2,twitter,2,1,6,1,1
1697,107,3,twitter,3,1,6,1,1
1698,108,1,snapchat,4.3,2,5,2,3
1699,108,2,snapchat,2,2,5,2,3
1700,108,3,snapchat,4,2,5,2,3
1701,108,1,instagram,11.5,4,6,1,3
1702,108,2,instagram,11,4,6,1,3
1703,108,3,instagram,13,4,6,1,3
1704,108,1,pinterest,1,2,2,1,5
1705,108,2,pinterest,0,2,2,1,5
1706,108,3,pinterest,0,2,2,1,5
1707,108,1,twitter,7.7,2,5,1,4
1708,108,2,twitter,7,2,5,1,4
1709,108,3,twitter,11,2,5,1,4
1710,108,1,youtube,3.4,2,5,2,4
1711,108,2,youtube,4,2,5,2,4
1712,108,3,youtube,9,2,5,2,4
1713,108,1,facebook,1,2,2,6,4
1714,108,2,facebook,0,2,2,6,4
1715,108,3,facebook,0,2,2,6,4
1716,110,1,youtube,12,2,2,2,3
1717,110,1,instagram,8,2,4,1,2
1718,110,1,facebook,6,2,5,1,2
1719,110,1,snapchat,6,2,6,1,1
1720,110,1,pinterest,1,3,2,4,5
1721,110,1,twitter,1,3,1,7,6
1722,111,2,pinterest,0,3,1,4,6
1723,111,2,instagram,2,2,4,3,4
1724,111,2,youtube,3,2,6,2,3
1725,111,2,twitter,0,3,1,4,6
1726,111,2,snapchat,0,2,3,3,4
1727,111,2,facebook,0,3,1,6,6
1728,112,1,snapchat,2,1,6,2,2
1729,112,2,snapchat,3,1,6,2,2
1730,112,3,snapchat,4,1,6,2,2
1731,112,1,instagram,3,2,6,3,2
1732,112,2,instagram,3,2,6,3,2
1733,112,3,instagram,3,2,6,3,2
1734,112,1,facebook,0,4,1,6,6
1735,112,2,facebook,0,4,1,6,6
1736,112,3,facebook,0,4,1,6,6
1737,112,1,twitter,5,1,7,1,1
1738,112,2,twitter,7,1,7,1,1
1739,112,3,twitter,9,1,7,1,1
1740,112,1,youtube,5,2,7,2,4
1741,112,2,youtube,5,2,7,2,4
1742,112,3,youtube,5,2,7,2,4
1743,112,1,pinterest,1,2,3,6,5
1744,112,2,pinterest,0,2,3,6,5
1745,112,3,pinterest,1,2,3,6,5
1746,113,1,snapchat,0,3,1,7,6
1747,113,2,snapchat,0,3,1,7,6
1748,113,3,snapchat,0,3,1,7,6
1749,113,1,facebook,0,2,2,3,5
1750,113,2,facebook,0.2,2,2,3,5
1751,113,3,facebook,0,2,2,3,5
1752,113,1,twitter,0,3,1,7,6
1753,113,2,twitter,0,3,1,7,6
1754,113,3,twitter,0,3,1,7,6
1755,113,1,instagram,14,2,7,2,3
1756,113,2,instagram,15,2,7,2,3
1757,113,3,instagram,15,2,7,2,3
1758,113,1,pinterest,2,1,4,2,4
1759,113,2,pinterest,0,1,4,2,4
1760,113,3,pinterest,0,1,4,2,4
1761,113,1,youtube,1,1,5,1,3
1762,113,2,youtube,3,1,5,1,3
1763,113,3,youtube,2,1,5,1,3
1764,114,1,twitter,0,5,1,7,6
1765,114,2,twitter,0,5,1,7,6
1766,114,3,twitter,0,5,1,7,6
1767,114,1,facebook,0,5,1,7,6
1768,114,2,facebook,0,5,1,7,6
1769,114,3,facebook,0,5,1,7,6
1770,114,1,snapchat,7.6,1,6,1,1
1771,114,2,snapchat,11.3,1,6,1,1
1772,114,3,snapchat,8,1,6,1,1
1773,114,1,instagram,1.2,1,5,1,2
1774,114,2,instagram,2.3,1,5,1,2
1775,114,3,instagram,5,1,5,1,2
1776,114,1,pinterest,0,4,1,6,6
1777,114,2,pinterest,0,4,1,6,6
1778,114,3,pinterest,0,4,1,6,6
1779,114,1,youtube,26,1,7,1,1
1780,114,2,youtube,5,1,7,1,1
1781,114,3,youtube,8,1,7,1,1
1782,115,1,youtube,0,2,3,2,4
1783,115,2,youtube,2,2,3,2,4
1784,115,3,youtube,3,2,3,2,4
1785,115,1,instagram,7,2,5,2,2
1786,115,2,instagram,10,2,5,2,2
1787,115,3,instagram,7,2,5,2,2
1788,115,1,twitter,7,1,5,1,1
1789,115,2,twitter,6,1,5,1,1
1790,115,3,twitter,7,1,5,1,1
1791,115,1,snapchat,7,2,4,3,1
1792,115,2,snapchat,8,2,4,3,1
1793,115,3,snapchat,7,2,4,3,1
1794,115,1,facebook,0,5,1,7,6
1795,115,2,facebook,0,5,1,7,6
1796,115,3,facebook,0,5,1,7,6
1797,115,1,pinterest,0,3,2,6,6
1798,115,2,pinterest,0,3,2,6,6
1799,115,3,pinterest,0,3,2,6,6
1800,116,1,pinterest,0,3,1,4,6
1801,116,2,pinterest,0,3,1,4,6
1802,116,3,pinterest,0,3,1,4,6
1803,116,1,youtube,20,2,2,2,4
1804,116,2,youtube,2.19,2,2,2,4
1805,116,3,youtube,0.2,2,2,2,4
1806,116,1,instagram,20,2,3,2,1
1807,116,2,instagram,10.8,2,3,2,1
1808,116,3,instagram,4,2,3,2,1
1809,116,1,twitter,20,2,4,2,1
1810,116,2,twitter,2.11,2,4,2,1
1811,116,3,twitter,0.3,2,4,2,1
1812,116,1,snapchat,20,2,3,2,1
1813,116,2,snapchat,8.5,2,3,2,1
1814,116,3,snapchat,0.5,2,3,2,1
1815,116,1,facebook,0.5,3,1,5,6
1816,116,2,facebook,0,3,1,5,6
1817,116,3,facebook,0,3,1,5,6
1818,117,1,twitter,0,3,1,4,6
1819,117,2,twitter,0,3,1,4,6
1820,117,3,twitter,0,3,1,4,6
1821,117,1,youtube,8,2,6,1,3
1822,117,2,youtube,5,2,6,1,3
1823,117,3,youtube,8,2,6,1,3
1824,117,1,facebook,1,2,3,3,5
1825,117,2,facebook,1,2,3,3,5
1826,117,3,facebook,1,2,3,3,5
1827,117,1,instagram,5,2,5,2,3
1828,117,2,instagram,3,2,5,2,3
1829,117,3,instagram,3,2,5,2,3
1830,117,1,snapchat,5,2,6,1,3
1831,117,2,snapchat,3,2,6,1,3
1832,117,3,snapchat,5,2,6,1,3
1833,117,1,pinterest,0,2,3,2,5
1834,117,2,pinterest,0,2,3,2,5
1835,117,3,pinterest,0,2,3,2,5
1836,118,1,twitter,0,3,1,5,5
1837,118,2,twitter,0,3,1,5,5
1838,118,3,twitter,0,3,1,5,5
1839,118,1,instagram,4,2,6,1,2
1840,118,2,instagram,3,2,6,1,2
1841,118,3,instagram,5,2,6,1,2
1842,118,1,snapchat,2,2,6,2,2
1843,118,2,snapchat,4,2,6,2,2
1844,118,3,snapchat,4,2,6,2,2
1845,118,1,youtube,2,2,6,1,2
1846,118,2,youtube,0,2,6,1,2
1847,118,3,youtube,3,2,6,1,2
1848,118,1,facebook,1,2,3,2,2
1849,118,2,facebook,1,2,3,2,2
1850,118,3,facebook,2,2,3,2,2
1851,118,1,pinterest,0,2,3,3,5
1852,118,2,pinterest,1,2,3,3,5
1853,118,3,pinterest,1,2,3,3,5
1854,119,1,pinterest,1,1,4,2,5
1855,119,3,pinterest,1,1,4,2,5
1856,119,1,twitter,1,1,5,2,3
1857,119,3,twitter,1,1,5,2,3
1858,119,1,instagram,5,2,6,2,1
1859,119,3,instagram,2,2,6,2,1
1860,119,1,youtube,6,1,6,1,3
1861,119,3,youtube,1,1,6,1,3
1862,119,1,facebook,0,4,2,5,6
1863,119,3,facebook,0,4,2,5,6
1864,119,1,snapchat,19,1,7,1,1
1865,119,3,snapchat,4,1,7,1,1
1866,120,1,youtube,0,3,5,1,4
1867,120,2,youtube,0,3,5,1,4
1868,120,3,youtube,0,3,5,1,4
1869,120,1,facebook,0,2,1,7,6
1870,120,2,facebook,0,2,1,7,6
1871,120,3,facebook,0,2,1,7,6
1872,120,1,pinterest,0,1,3,1,4
1873,120,2,pinterest,0,1,3,1,4
1874,120,3,pinterest,0,1,3,1,4
1875,120,1,snapchat,3,1,5,1,3
1876,120,2,snapchat,3,1,5,1,3
1877,120,3,snapchat,3,1,5,1,3
1878,120,1,instagram,7,2,3,5,3
1879,120,2,instagram,8,2,3,5,3
1880,120,3,instagram,7,2,3,5,3
1881,120,1,twitter,0,5,1,7,6
1882,120,2,twitter,0,5,1,7,6
1883,120,3,twitter,0,5,1,7,6
1884,121,1,snapchat,0,3,1,4,6
1885,121,2,snapchat,0,3,1,4,6
1886,121,1,pinterest,0,3,2,4,6
1887,121,2,pinterest,2,3,2,4,6
1888,121,1,instagram,1,2,3,4,3
1889,121,2,instagram,5,2,3,4,3
1890,121,1,twitter,0,3,1,4,6
1891,121,2,twitter,0,3,1,4,6
1892,121,1,youtube,4,1,5,2,3
1893,121,2,youtube,9,1,5,2,3
1894,121,1,facebook,1,3,3,4,4
1895,121,2,facebook,7,3,3,4,4
1896,122,1,snapchat,0,3,1,4,6
1897,122,2,snapchat,0,3,1,4,6
1898,122,3,snapchat,0,3,1,4,6
1899,122,1,facebook,0,3,1,4,5
1900,122,2,facebook,1,3,1,4,5
1901,122,3,facebook,1,3,1,4,5
1902,122,1,instagram,24,3,4,4,1
1903,122,2,instagram,4,3,4,4,1
1904,122,3,instagram,3,3,4,4,1
1905,122,1,pinterest,0,3,1,4,6
1906,122,2,pinterest,0,3,1,4,6
1907,122,3,pinterest,0,3,1,4,6
1908,122,1,youtube,2,2,4,1,2
1909,122,2,youtube,0,2,4,1,2
1910,122,3,youtube,0,2,4,1,2
1911,122,1,twitter,0,3,1,4,6
1912,122,2,twitter,0,3,1,4,6
1913,122,3,twitter,0,3,1,4,6
1914,123,1,snapchat,0,3,2,6,4
1915,123,2,snapchat,0,3,2,6,4
1916,123,3,snapchat,0,3,2,6,4
1917,123,1,twitter,0,3,2,6,4
1918,123,2,twitter,0,3,2,6,4
1919,123,3,twitter,0,3,2,6,4
1920,123,1,instagram,0,3,2,6,4
1921,123,2,instagram,0,3,2,6,4
1922,123,3,instagram,0,3,2,6,4
1923,123,1,pinterest,0,3,3,5,4
1924,123,2,pinterest,2,3,3,5,4
1925,123,3,pinterest,0,3,3,5,4
1926,123,1,facebook,0,5,2,7,6
1927,123,2,facebook,0,5,2,7,6
1928,123,3,facebook,0,5,2,7,6
1929,123,1,youtube,0,3,5,7,5
1930,123,2,youtube,0,3,5,7,5
1931,123,3,youtube,0,3,5,7,5
1932,124,1,pinterest,0,1,2,2,6
1933,124,1,instagram,2,3,3,3,3
1934,124,1,facebook,0,3,1,5,6
1935,124,1,snapchat,3,3,3,2,3
1936,124,1,youtube,2,2,3,2,4
1937,124,1,twitter,0,3,1,3,6
1938,125,1,facebook,0,4,1,6,6
1939,125,2,facebook,0,4,1,6,6
1940,125,3,facebook,0,4,1,6,6
1941,125,1,instagram,0,2,2,3,4
1942,125,2,instagram,2,2,2,3,4
1943,125,3,instagram,1,2,2,3,4
1944,125,1,snapchat,2,2,3,3,4
1945,125,2,snapchat,1,2,3,3,4
1946,125,3,snapchat,2,2,3,3,4
1947,125,1,pinterest,0,3,1,5,6
1948,125,2,pinterest,0,3,1,5,6
1949,125,3,pinterest,0,3,1,5,6
1950,125,1,youtube,15,1,6,1,2
1951,125,2,youtube,15,1,6,1,2
1952,125,3,youtube,15,1,6,1,2
1953,125,1,twitter,10,1,5,1,2
1954,125,2,twitter,9,1,5,1,2
1955,125,3,twitter,6,1,5,1,2
1956,126,1,twitter,14,2,6,1,1
1957,126,2,twitter,10,2,6,1,1
1958,126,3,twitter,17,2,6,1,1
1959,126,1,pinterest,0,2,2,3,4
1960,126,2,pinterest,0,2,2,3,4
1961,126,3,pinterest,0,2,2,3,4
1962,126,1,instagram,4,2,5,2,1
1963,126,2,instagram,5,2,5,2,1
1964,126,3,instagram,8,2,5,2,1
1965,126,1,facebook,0,3,2,4,4
1966,126,2,facebook,0,3,2,4,4
1967,126,3,facebook,1,3,2,4,4
1968,126,1,snapchat,2,2,7,1,1
1969,126,2,snapchat,3,2,7,1,1
1970,126,3,snapchat,10,2,7,1,1
1971,126,1,youtube,0,2,4,3,4
1972,126,2,youtube,1,2,4,3,4
1973,126,3,youtube,3,2,4,3,4
1974,127,1,youtube,7,1,7,1,3
1975,127,2,youtube,10,1,7,1,3
1976,127,3,youtube,10,1,7,1,3
1977,127,1,facebook,1,3,2,5,5
1978,127,2,facebook,2,3,2,5,5
1979,127,3,facebook,4,3,2,5,5
1980,127,1,snapchat,5,1,7,1,3
1981,127,2,snapchat,10,1,7,1,3
1982,127,3,snapchat,10,1,7,1,3
1983,127,1,instagram,6,1,5,1,2
1984,127,2,instagram,8,1,5,1,2
1985,127,3,instagram,10,1,5,1,2
1986,127,1,pinterest,0,3,1,7,6
1987,127,2,pinterest,0,3,1,7,6
1988,127,3,pinterest,0,3,1,7,6
1989,127,1,twitter,7,1,7,1,1
1990,127,2,twitter,10,1,7,1,1
1991,127,3,twitter,10,1,7,1,1
1992,128,1,facebook,0,3,1,3,6
1993,128,2,facebook,0,3,1,3,6
1994,128,3,facebook,0,3,1,3,6
1995,128,1,snapchat,10,3,7,3,3
1996,128,2,snapchat,10,3,7,3,3
1997,128,3,snapchat,20,3,7,3,3
1998,128,1,youtube,0,3,3,3,6
1999,128,2,youtube,0,3,3,3,6
2000,128,3,youtube,0,3,3,3,6
2001,128,1,pinterest,0,3,2,3,6
2002,128,2,pinterest,0,3,2,3,6
2003,128,3,pinterest,5,3,2,3,6
2004,128,1,instagram,10,3,2,3,4
2005,128,2,instagram,5,3,2,3,4
2006,128,3,instagram,10,3,2,3,4
2007,128,1,twitter,12,3,7,3,3
2008,128,2,twitter,15,3,7,3,3
2009,128,3,twitter,20,3,7,3,3
2010,129,1,pinterest,0,3,1,3,6
2011,129,2,pinterest,0,3,1,3,6
2012,129,1,facebook,0,3,1,3,5
2013,129,2,facebook,0,3,1,3,5
2014,129,1,instagram,2,3,3,2,3
2015,129,2,instagram,3,3,3,2,3
2016,129,1,twitter,0,3,1,3,5
2017,129,2,twitter,0,3,1,3,5
2018,129,1,youtube,21,3,5,2,3
2019,129,2,youtube,21,3,5,2,3
2020,129,1,snapchat,0,3,3,2,5
2021,129,2,snapchat,0,3,3,2,5
2022,130,1,instagram,3,2,4,6,3
2023,130,2,instagram,3,2,4,6,3
2024,130,3,instagram,1,2,4,6,3
2025,130,1,youtube,1,2,2,4,4
2026,130,2,youtube,2,2,2,4,4
2027,130,3,youtube,2,2,2,4,4
2028,130,1,pinterest,0,2,1,7,6
2029,130,2,pinterest,0,2,1,7,6
2030,130,3,pinterest,0,2,1,7,6
2031,130,1,snapchat,0,4,1,7,6
2032,130,2,snapchat,0,4,1,7,6
2033,130,3,snapchat,0,4,1,7,6
2034,130,1,twitter,1,2,2,5,4
2035,130,2,twitter,1,2,2,5,4
2036,130,3,twitter,0,2,2,5,4
2037,130,1,facebook,2,2,4,5,2
2038,130,2,facebook,3,2,4,5,2
2039,130,3,facebook,2,2,4,5,2
2040,131,1,snapchat,0,3,1,4,6
2041,131,2,snapchat,0,3,1,4,6
2042,131,3,snapchat,0,3,1,4,6
2043,131,1,facebook,7,2,5,4,3
2044,131,2,facebook,4,2,5,4,3
2045,131,3,facebook,6,2,5,4,3
2046,131,1,twitter,0,3,1,4,6
2047,131,2,twitter,0,3,1,4,6
2048,131,3,twitter,0,3,1,4,6
2049,131,1,instagram,7,2,4,4,3
2050,131,2,instagram,4,2,4,4,3
2051,131,3,instagram,6,2,4,4,3
2052,131,1,youtube,0,3,2,4,5
2053,131,2,youtube,1,3,2,4,5
2054,131,3,youtube,1,3,2,4,5
2055,131,1,pinterest,0,2,2,4,6
2056,131,2,pinterest,0,2,2,4,6
2057,131,3,pinterest,0,2,2,4,6
2058,132,1,youtube,0,3,2,7,5
2059,132,2,youtube,0,3,2,7,5
2060,132,3,youtube,0,3,2,7,5
2061,132,1,pinterest,0,2,2,4,5
2062,132,2,pinterest,0,2,2,4,5
2063,132,3,pinterest,0,2,2,4,5
2064,132,1,snapchat,0,2,7,3,3
2065,132,2,snapchat,0,2,7,3,3
2066,132,3,snapchat,0,2,7,3,3
2067,132,1,twitter,0,3,2,7,6
2068,132,2,twitter,0,3,2,7,6
2069,132,3,twitter,0,3,2,7,6
2070,132,1,facebook,0,3,1,7,6
2071,132,2,facebook,0,3,1,7,6
2072,132,3,facebook,0,3,1,7,6
2073,132,1,instagram,3,1,7,2,1
2074,132,2,instagram,1,1,7,2,1
2075,132,3,instagram,1,1,7,2,1
2076,133,1,instagram,8,3,6,1,3
2077,133,2,instagram,8,3,6,1,3
2078,133,3,instagram,8,3,6,1,3
2079,133,1,pinterest,0,3,1,5,6
2080,133,2,pinterest,0,3,1,5,6
2081,133,3,pinterest,0,3,1,5,6
2082,133,1,snapchat,8,1,6,1,3
2083,133,2,snapchat,2,1,6,1,3
2084,133,3,snapchat,2,1,6,1,3
2085,133,1,facebook,8,1,7,1,3
2086,133,2,facebook,8,1,7,1,3
2087,133,3,facebook,8,1,7,1,3
2088,133,1,twitter,0,5,1,7,6
2089,133,2,twitter,0,5,1,7,6
2090,133,3,twitter,0,5,1,7,6
2091,133,1,youtube,0,1,4,2,4
2092,133,2,youtube,1,1,4,2,4
2093,133,3,youtube,2,1,4,2,4
2094,134,2,snapchat,7,1,3,1,1
2095,134,3,snapchat,10,1,3,1,1
2096,134,2,pinterest,0,2,1,3,6
2097,134,3,pinterest,0,2,1,3,6
2098,134,2,instagram,7,1,3,2,1
2099,134,3,instagram,8,1,3,2,1
2100,134,2,youtube,5,2,2,3,2
2101,134,3,youtube,15,2,2,3,2
2102,134,2,twitter,7,1,3,1,1
2103,134,3,twitter,10,1,3,1,1
2104,134,2,facebook,4,3,2,4,3
2105,134,3,facebook,7,3,2,4,3
2106,135,1,twitter,2,1,7,1,2
2107,135,2,twitter,3,1,7,1,2
2108,135,3,twitter,4,1,7,1,2
2109,135,1,facebook,2,2,4,1,2
2110,135,2,facebook,3,2,4,1,2
2111,135,3,facebook,2,2,4,1,2
2112,135,1,pinterest,0,5,1,7,6
2113,135,2,pinterest,0,5,1,7,6
2114,135,3,pinterest,0,5,1,7,6
2115,135,1,snapchat,2,1,7,1,2
2116,135,2,snapchat,3,1,7,1,2
2117,135,3,snapchat,4,1,7,1,2
2118,135,1,youtube,2,3,7,1,5
2119,135,2,youtube,2,3,7,1,5
2120,135,3,youtube,2,3,7,1,5
2121,135,1,instagram,2,1,7,1,1
2122,135,2,instagram,3,1,7,1,1
2123,135,3,instagram,4,1,7,1,1
2124,136,2,pinterest,0,3,1,5,6
2125,136,3,pinterest,0,3,1,5,6
2126,136,2,facebook,0,3,1,7,6
2127,136,3,facebook,0,3,1,7,6
2128,136,2,snapchat,0,3,2,6,6
2129,136,3,snapchat,0,3,2,6,6
2130,136,2,twitter,1,3,2,6,6
2131,136,3,twitter,1,3,2,6,6
2132,136,2,youtube,0,3,1,6,6
2133,136,3,youtube,0,3,1,6,6
2134,136,2,instagram,1,2,3,3,5
2135,136,3,instagram,1,2,3,3,5
2136,137,1,twitter,0,5,1,7,6
2137,137,2,twitter,0,5,1,7,6
2138,137,3,twitter,0,5,1,7,6
2139,137,1,pinterest,7,2,6,2,4
2140,137,2,pinterest,5,2,6,2,4
2141,137,3,pinterest,1,2,6,2,4
2142,137,1,facebook,0,4,1,6,6
2143,137,2,facebook,0,4,1,6,6
2144,137,3,facebook,0,4,1,6,6
2145,137,1,instagram,8,4,5,3,3
2146,137,2,instagram,4,4,5,3,3
2147,137,3,instagram,5,4,5,3,3
2148,137,1,snapchat,8,4,5,3,3
2149,137,2,snapchat,4,4,5,3,3
2150,137,3,snapchat,2,4,5,3,3
2151,137,1,youtube,1,2,3,2,5
2152,137,2,youtube,6,2,3,2,5
2153,137,3,youtube,1,2,3,2,5
2154,138,2,twitter,5,1,6,1,3
2155,138,3,twitter,5,1,6,1,3
2156,138,2,pinterest,3,1,6,1,4
2157,138,3,pinterest,2,1,6,1,4
2158,138,2,facebook,2,3,2,5,4
2159,138,3,facebook,1,3,2,5,4
2160,138,2,snapchat,0,4,1,7,6
2161,138,3,snapchat,0,4,1,7,6
2162,138,2,youtube,8,1,7,2,3
2163,138,3,youtube,4,1,7,2,3
2164,138,2,instagram,5,2,3,2,3
2165,138,3,instagram,4,2,3,2,3
2166,139,1,snapchat,0,2,5,3,3
2167,139,2,snapchat,0,2,5,3,3
2168,139,3,snapchat,0,2,5,3,3
2169,139,1,instagram,1,2,5,2,1
2170,139,2,instagram,0,2,5,2,1
2171,139,3,instagram,1,2,5,2,1
2172,139,1,facebook,0,1,3,1,2
2173,139,2,facebook,1,1,3,1,2
2174,139,3,facebook,0,1,3,1,2
2175,139,1,youtube,4,2,7,2,1
2176,139,2,youtube,3,2,7,2,1
2177,139,3,youtube,2,2,7,2,1
2178,139,1,twitter,2,2,7,2,1
2179,139,2,twitter,1,2,7,2,1
2180,139,3,twitter,1,2,7,2,1
2181,139,1,pinterest,0,1,5,2,6
2182,139,2,pinterest,0,1,5,2,6
2183,139,3,pinterest,0,1,5,2,6
2184,140,1,pinterest,0,2,4,2,3
2185,140,2,pinterest,0,2,4,2,3
2186,140,3,pinterest,0,2,4,2,3
2187,140,1,youtube,0,2,5,2,3
2188,140,2,youtube,0,2,5,2,3
2189,140,3,youtube,0,2,5,2,3
2190,140,1,instagram,3,2,5,2,1
2191,140,2,instagram,3,2,5,2,1
2192,140,3,instagram,3,2,5,2,1
2193,140,1,snapchat,4,2,6,2,1
2194,140,2,snapchat,5,2,6,2,1
2195,140,3,snapchat,4,2,6,2,1
2196,140,1,twitter,7,2,6,2,1
2197,140,2,twitter,7,2,6,2,1
2198,140,3,twitter,8,2,6,2,1
2199,140,1,facebook,1,2,5,3,1
2200,140,2,facebook,1,2,5,3,1
2201,140,3,facebook,1,2,5,3,1
2202,141,1,facebook,0,3,2,6,5
2203,141,2,facebook,0,3,2,6,5
2204,141,1,snapchat,6,1,6,1,1
2205,141,2,snapchat,6,1,6,1,1
2206,141,1,pinterest,0,2,3,2,4
2207,141,2,pinterest,1,2,3,2,4
2208,141,1,instagram,1,3,3,3,4
2209,141,2,instagram,5,3,3,3,4
2210,141,1,youtube,1,2,3,2,4
2211,141,2,youtube,2,2,3,2,4
2212,141,1,twitter,4,2,4,3,3
2213,141,2,twitter,7,2,4,3,3
2214,142,1,instagram,15,4,6,3,1
2215,142,2,instagram,5,4,6,3,1
2216,142,3,instagram,10,4,6,3,1
2217,142,1,twitter,0,3,1,4,6
2218,142,2,twitter,0,3,1,4,6
2219,142,3,twitter,0,3,1,4,6
2220,142,1,facebook,0,3,1,7,6
2221,142,2,facebook,0,3,1,7,6
2222,142,3,facebook,0,3,1,7,6
2223,142,1,snapchat,15,4,6,2,1
2224,142,2,snapchat,5,4,6,2,1
2225,142,3,snapchat,15,4,6,2,1
2226,142,1,pinterest,2,1,3,2,5
2227,142,2,pinterest,0,1,3,2,5
2228,142,3,pinterest,0,1,3,2,5
2229,142,1,youtube,20,2,7,1,1
2230,142,2,youtube,10,2,7,1,1
2231,142,3,youtube,20,2,7,1,1
2232,143,1,pinterest,0,3,2,3,5
2233,143,2,pinterest,1,3,2,3,5
2234,143,3,pinterest,0,3,2,3,5
2235,143,1,youtube,1,2,4,2,4
2236,143,2,youtube,1,2,4,2,4
2237,143,3,youtube,3,2,4,2,4
2238,143,1,snapchat,2,2,3,2,3
2239,143,2,snapchat,1,2,3,2,3
2240,143,3,snapchat,1,2,3,2,3
2241,143,1,twitter,5,1,5,1,2
2242,143,2,twitter,3,1,5,1,2
2243,143,3,twitter,5,1,5,1,2
2244,143,1,instagram,5,1,7,1,2
2245,143,2,instagram,4,1,7,1,2
2246,143,3,instagram,5,1,7,1,2
2247,143,1,facebook,2,2,4,1,3
2248,143,2,facebook,3,2,4,1,3
2249,143,3,facebook,4,2,4,1,3
2250,144,1,instagram,0,5,1,7,6
2251,144,2,instagram,0,5,1,7,6
2252,144,3,instagram,1,5,1,7,6
2253,144,1,twitter,1,2,2,7,6
2254,144,2,twitter,0,2,2,7,6
2255,144,3,twitter,1,2,2,7,6
2256,144,1,facebook,0.5,5,1,7,5
2257,144,2,facebook,0,5,1,7,5
2258,144,3,facebook,0,5,1,7,5
2259,144,1,pinterest,0,1,1,7,6
2260,144,2,pinterest,0,1,1,7,6
2261,144,3,pinterest,0,1,1,7,6
2262,144,1,snapchat,0,3,1,7,6
2263,144,2,snapchat,0,3,1,7,6
2264,144,3,snapchat,1,3,1,7,6
2265,144,1,youtube,1,1,7,1,4
2266,144,2,youtube,1,1,7,1,4
2267,144,3,youtube,0,1,7,1,4
2268,146,3,facebook,0,3,2,3,6
2269,146,3,twitter,0,3,1,5,6
2270,146,3,youtube,12,1,7,1,4
2271,146,3,snapchat,4,1,6,1,3
2272,146,3,instagram,5,1,5,2,3
2273,146,3,pinterest,0,3,1,6,6
2274,147,1,snapchat,7,2,7,1,3
2275,147,1,instagram,8,2,7,1,1
2276,147,1,twitter,8,4,7,1,2
2277,147,1,facebook,0,3,1,1,6
2278,147,1,youtube,5,1,7,1,4
2279,147,1,pinterest,1,1,4,1,4
2280,148,1,pinterest,0,3,1,4,6
2281,148,2,pinterest,0,3,1,4,6
2282,148,3,pinterest,0,3,1,4,6
2283,148,1,snapchat,0,3,1,5,6
2284,148,2,snapchat,0,3,1,5,6
2285,148,3,snapchat,0,3,1,5,6
2286,148,1,facebook,20,2,3,4,3
2287,148,2,facebook,20,2,3,4,3
2288,148,3,facebook,40,2,3,4,3
2289,148,1,youtube,4,2,4,3,4
2290,148,2,youtube,4,2,4,3,4
2291,148,3,youtube,20,2,4,3,4
2292,148,1,instagram,0,3,1,0,6
2293,148,2,instagram,0,3,1,0,6
2294,148,3,instagram,0,3,1,0,6
2295,148,1,twitter,0,3,1,5,6
2296,148,2,twitter,0,3,1,5,6
2297,148,3,twitter,0,3,1,5,6
2298,149,1,pinterest,13,1,7,1,1
2299,149,2,pinterest,9,1,7,1,1
2300,149,3,pinterest,16,1,7,1,1
2301,149,1,youtube,13,1,7,1,1
2302,149,2,youtube,15,1,7,1,1
2303,149,3,youtube,13,1,7,1,1
2304,149,1,twitter,5,2,6,2,2
2305,149,2,twitter,5,2,6,2,2
2306,149,3,twitter,7,2,6,2,2
2307,149,1,snapchat,10,1,7,1,1
2308,149,2,snapchat,13,1,7,1,1
2309,149,3,snapchat,15,1,7,1,1
2310,149,1,instagram,10,1,7,1,1
2311,149,2,instagram,10,1,7,1,1
2312,149,3,instagram,15,1,7,1,1
2313,149,1,facebook,2,2,3,3,3
2314,149,2,facebook,2,2,3,3,3
2315,149,3,facebook,3,2,3,3,3
2316,150,1,facebook,1,3,3,3,3
2317,150,2,facebook,1,3,3,3,3
2318,150,3,facebook,2,3,3,3,3
2319,150,1,twitter,0,3,1,4,6
2320,150,2,twitter,0,3,1,4,6
2321,150,3,twitter,0,3,1,4,6
2322,150,1,instagram,5,3,3,4,3
2323,150,2,instagram,2,3,3,4,3
2324,150,3,instagram,3,3,3,4,3
2325,150,1,snapchat,2,3,3,4,3
2326,150,2,snapchat,1,3,3,4,3
2327,150,3,snapchat,1,3,3,4,3
2328,150,1,pinterest,0,2,2,4,5
2329,150,2,pinterest,0,2,2,4,5
2330,150,3,pinterest,0,2,2,4,5
2331,150,1,youtube,1,2,2,4,4
2332,150,2,youtube,1,2,2,4,4
2333,150,3,youtube,0,2,2,4,4
2334,151,1,pinterest,0,3,2,4,2
2335,151,2,pinterest,1,3,2,4,2
2336,151,1,twitter,1,3,2,3,2
2337,151,2,twitter,2,3,2,3,2
2338,151,1,snapchat,2,3,2,2,1
2339,151,2,snapchat,2,3,2,2,1
2340,151,1,instagram,2,3,2,2,1
2341,151,2,instagram,1,3,2,2,1
2342,151,1,facebook,0,3,2,4,6
2343,151,2,facebook,0,3,2,4,6
2344,151,1,youtube,1,3,2,4,1
2345,151,2,youtube,1,3,2,4,1
2346,152,1,snapchat,8,2,5,2,1
2347,152,2,snapchat,5,2,5,2,1
2348,152,3,snapchat,4,2,5,2,1
2349,152,1,pinterest,0,3,1,6,6
2350,152,2,pinterest,0,3,1,6,6
2351,152,3,pinterest,0,3,1,6,6
2352,152,1,twitter,0,3,1,7,6
2353,152,2,twitter,0,3,1,7,6
2354,152,3,twitter,0,3,1,7,6
2355,152,1,facebook,0,3,1,7,6
2356,152,2,facebook,0,3,1,7,6
2357,152,3,facebook,0,3,1,7,6
2358,152,1,youtube,15,1,6,2,1
2359,152,2,youtube,3,1,6,2,1
2360,152,3,youtube,7,1,6,2,1
2361,152,1,instagram,6,2,5,3,2
2362,152,2,instagram,3,2,5,3,2
2363,152,3,instagram,3,2,5,3,2
2364,153,1,youtube,0,1,2,2,4
2365,153,2,youtube,0,1,2,2,4
2366,153,3,youtube,0,1,2,2,4
2367,153,1,pinterest,0,1,7,1,1
2368,153,2,pinterest,1,1,7,1,1
2369,153,3,pinterest,1,1,7,1,1
2370,153,1,facebook,0,2,1,4,6
2371,153,2,facebook,0,2,1,4,6
2372,153,3,facebook,0,2,1,4,6
2373,153,1,snapchat,1,2,2,3,5
2374,153,2,snapchat,0,2,2,3,5
2375,153,3,snapchat,1,2,2,3,5
2376,153,1,instagram,3,2,5,2,3
2377,153,2,instagram,3,2,5,2,3
2378,153,3,instagram,3,2,5,2,3
2379,153,1,twitter,1,2,4,3,3
2380,153,2,twitter,2,2,4,3,3
2381,153,3,twitter,2,2,4,3,3
2382,154,1,pinterest,0,3,1,7,6
2383,154,2,pinterest,0,3,1,7,6
2384,154,3,pinterest,0,3,1,7,6
2385,154,1,instagram,1,1,5,1,1
2386,154,2,instagram,1,1,5,1,1
2387,154,3,instagram,2,1,5,1,1
2388,154,1,facebook,0,3,1,7,5
2389,154,2,facebook,0,3,1,7,5
2390,154,3,facebook,0,3,1,7,5
2391,154,1,youtube,3,1,6,1,3
2392,154,2,youtube,4,1,6,1,3
2393,154,3,youtube,4,1,6,1,3
2394,154,1,snapchat,1,1,5,1,1
2395,154,2,snapchat,1,1,5,1,1
2396,154,3,snapchat,1,1,5,1,1
2397,154,1,twitter,0,2,2,2,4
2398,154,2,twitter,0,2,2,2,4
2399,154,3,twitter,0,2,2,2,4
2400,155,2,snapchat,0,3,1,7,6
2401,155,3,snapchat,0,3,1,7,6
2402,155,2,instagram,3,2,5,3,3
2403,155,3,instagram,3,2,5,3,3
2404,155,2,pinterest,0,3,1,7,6
2405,155,3,pinterest,0,3,1,7,6
2406,155,2,youtube,15,2,5,3,3
2407,155,3,youtube,13,2,5,3,3
2408,155,2,facebook,0,3,1,7,6
2409,155,3,facebook,0,3,1,7,6
2410,155,2,twitter,0,3,1,7,6
2411,155,3,twitter,0,3,1,7,6
2412,156,1,youtube,15,2,4,1,1
2413,156,2,youtube,15,2,4,1,1
2414,156,3,youtube,10,2,4,1,1
2415,156,1,twitter,20,2,4,1,1
2416,156,2,twitter,25,2,4,1,1
2417,156,3,twitter,25,2,4,1,1
2418,156,1,pinterest,5,2,2,3,5
2419,156,2,pinterest,0,2,2,3,5
2420,156,3,pinterest,0,2,2,3,5
2421,156,1,snapchat,30,2,4,1,1
2422,156,2,snapchat,30,2,4,1,1
2423,156,3,snapchat,30,2,4,1,1
2424,156,1,instagram,30,2,4,1,1
2425,156,2,instagram,30,2,4,1,1
2426,156,3,instagram,20,2,4,1,1
2427,156,1,facebook,0,3,1,7,6
2428,156,2,facebook,0,3,1,7,6
2429,156,3,facebook,0,3,1,7,6
2430,157,1,instagram,1,2,5,2,1
2431,157,2,instagram,1,2,5,2,1
2432,157,3,instagram,1,2,5,2,1
2433,157,1,snapchat,1,2,4,2,2
2434,157,2,snapchat,1,2,4,2,2
2435,157,3,snapchat,1,2,4,2,2
2436,157,1,youtube,0,1,4,1,4
2437,157,2,youtube,0,1,4,1,4
2438,157,3,youtube,0,1,4,1,4
2439,157,1,pinterest,1,1,6,1,3
2440,157,2,pinterest,1,1,6,1,3
2441,157,3,pinterest,0,1,6,1,3
2442,157,1,facebook,0,2,2,3,5
2443,157,2,facebook,0,2,2,3,5
2444,157,3,facebook,1,2,2,3,5
2445,157,1,twitter,4,1,7,1,1
2446,157,2,twitter,2,1,7,1,1
2447,157,3,twitter,3,1,7,1,1
2448,158,1,youtube,3,2,6,2,1
2449,158,2,youtube,7,2,6,2,1
2450,158,3,youtube,7,2,6,2,1
2451,158,1,snapchat,1,4,2,5,3
2452,158,2,snapchat,2,4,2,5,3
2453,158,3,snapchat,1,4,2,5,3
2454,158,1,facebook,0,4,1,7,6
2455,158,2,facebook,0,4,1,7,6
2456,158,3,facebook,0,4,1,7,6
2457,158,1,pinterest,0,4,1,5,6
2458,158,2,pinterest,0,4,1,5,6
2459,158,3,pinterest,0,4,1,5,6
2460,158,1,twitter,5,3,5,3,2
2461,158,2,twitter,6,3,5,3,2
2462,158,3,twitter,5,3,5,3,2
2463,158,1,instagram,2,3,4,4,4
2464,158,2,instagram,2,3,4,4,4
2465,158,3,instagram,3,3,4,4,4
2466,159,2,twitter,0,3,2,7,6
2467,159,3,twitter,0,3,2,7,6
2468,159,2,instagram,0,4,1,5,5
2469,159,3,instagram,0,4,1,5,5
2470,159,2,snapchat,0,3,1,7,5
2471,159,3,snapchat,0,3,1,7,5
2472,159,2,youtube,1,3,3,4,5
2473,159,3,youtube,2,3,3,4,5
2474,159,2,pinterest,1,2,4,2,4
2475,159,3,pinterest,2,2,4,2,4
2476,159,2,facebook,0,3,1,7,6
2477,159,3,facebook,0,3,1,7,6
2478,160,1,pinterest,3,1,6,1,4
2479,160,2,pinterest,2,1,6,1,4
2480,160,3,pinterest,3,1,6,1,4
2481,160,1,youtube,10,5,7,2,1
2482,160,2,youtube,7,5,7,2,1
2483,160,3,youtube,6,5,7,2,1
2484,160,1,instagram,9,4,4,5,1
2485,160,2,instagram,5,4,4,5,1
2486,160,3,instagram,6,4,4,5,1
2487,160,1,snapchat,10,4,7,1,1
2488,160,2,snapchat,5,4,7,1,1
2489,160,3,snapchat,8,4,7,1,1
2490,160,1,twitter,3,2,6,2,2
2491,160,2,twitter,1,2,6,2,2
2492,160,3,twitter,1,2,6,2,2
2493,160,1,facebook,8,2,7,1,1
2494,160,2,facebook,8,2,7,1,1
2495,160,3,facebook,7,2,7,1,1
2496,161,1,snapchat,6,1,6,2,3
2497,161,2,snapchat,7,1,6,2,3
2498,161,3,snapchat,6,1,6,2,3
2499,161,1,pinterest,0,3,2,4,6
2500,161,2,pinterest,0,3,2,4,6
2501,161,3,pinterest,0,3,2,4,6
2502,161,1,youtube,3,1,7,2,3
2503,161,2,youtube,6,1,7,2,3
2504,161,3,youtube,6,1,7,2,3
2505,161,1,facebook,6,3,4,2,3
2506,161,2,facebook,3,3,4,2,3
2507,161,3,facebook,14,3,4,2,3
2508,161,1,twitter,2,1,6,2,3
2509,161,2,twitter,2,1,6,2,3
2510,161,3,twitter,2,1,6,2,3
2511,161,1,instagram,5,1,6,2,3
2512,161,2,instagram,5,1,6,2,3
2513,161,3,instagram,4,1,6,2,3
2514,162,1,pinterest,1,2,5,3,4
2515,162,2,pinterest,1,2,5,3,4
2516,162,3,pinterest,0,2,5,3,4
2517,162,1,instagram,6,2,5,2,3
2518,162,2,instagram,4,2,5,2,3
2519,162,3,instagram,9,2,5,2,3
2520,162,1,youtube,10,1,7,1,3
2521,162,2,youtube,5,1,7,1,3
2522,162,3,youtube,5,1,7,1,3
2523,162,1,facebook,0,3,2,4,5
2524,162,2,facebook,1,3,2,4,5
2525,162,3,facebook,0,3,2,4,5
2526,162,1,twitter,3,2,3,3,3
2527,162,2,twitter,1,2,3,3,3
2528,162,3,twitter,3,2,3,3,3
2529,162,1,snapchat,5,2,5,3,3
2530,162,2,snapchat,3,2,5,3,3
2531,162,3,snapchat,3,2,5,3,3
2532,163,1,pinterest,3,1,6,1,4
2533,163,2,pinterest,2,1,6,1,4
2534,163,3,pinterest,0,1,6,1,4
2535,163,1,snapchat,3,3,2,6,5
2536,163,2,snapchat,1,3,2,6,5
2537,163,3,snapchat,3,3,2,6,5
2538,163,1,twitter,10,2,6,1,1
2539,163,2,twitter,5,2,6,1,1
2540,163,3,twitter,7,2,6,1,1
2541,163,1,instagram,12,1,7,2,1
2542,163,2,instagram,7,1,7,2,1
2543,163,3,instagram,8,1,7,2,1
2544,163,1,youtube,0.5,3,3,3,5
2545,163,2,youtube,1,3,3,3,5
2546,163,3,youtube,1,3,3,3,5
2547,163,1,facebook,0,4,1,7,6
2548,163,2,facebook,0,4,1,7,6
2549,163,3,facebook,0,4,1,7,6
2550,164,2,instagram,24,1,7,1,3
2551,164,3,instagram,24,1,7,1,3
2552,164,2,pinterest,12,1,4,1,3
2553,164,3,pinterest,11,1,4,1,3
2554,164,2,snapchat,8,3,4,2,3
2555,164,3,snapchat,12,3,4,2,3
2556,164,2,twitter,0,3,1,4,6
2557,164,3,twitter,0,3,1,4,6
2558,164,2,youtube,2,2,4,2,3
2559,164,3,youtube,8,2,4,2,3
2560,164,2,facebook,0,3,1,4,6
2561,164,3,facebook,0,3,1,4,6
